date,em_kwh,cost_total_yuan
2025-01-01,18515.5695,122086.898243416
2025-01-02,19028.1722,127033.92689644
2025-01-03,8775.07206666667,57650.62022313
2025-01-04,8546.44338333333,56609.8987614266
2025-01-05,17102.1194666667,120333.02686684
2025-01-06,17400.3384666667,121055.083221917
2025-01-07,19519.5610333333,128380.559581965
2025-01-08,16576.8172,118548.809200383
2025-01-09,17772.66785,123089.300600043
2025-01-10,8390.96063333333,55666.1854041883
2025-01-11,8390.46223333333,55601.99841945
2025-01-12,18004.8119333333,122586.283465102
2025-01-13,14918.3559166667,110695.667853372
2025-01-14,15555.2659166667,114328.660557527
2025-01-15,16806.82125,118983.964016646
2025-01-16,15854.0282333333,115660.036532676
2025-01-17,7516.46095,51418.9505142033
2025-01-18,7346.34221666667,50849.4600828768
2025-01-19,16160.4072166667,116373.348080775
2025-01-20,15092.3473,112458.457921758
2025-01-21,11644.5818833333,97834.6605713686
2025-01-22,15611.68855,113814.640107633
2025-01-23,16800.6394666667,117325.231732945
2025-01-24,7228.46513333333,50077.4015866019
2025-01-25,6802.24985,48310.049658126
2025-01-26,14740.8371166667,108785.179798282
2025-01-27,11807.4661333333,97398.3029778278
2025-01-28,14115.5451833333,107295.503054393
2025-01-29,9644.83988333333,87816.4594899664
2025-01-30,11519.8045,96946.2370838003
2025-01-31,6161.43348333333,45214.86488078
2025-02-01,5953.72701666667,42639.4769196282
2025-02-02,9901.38738333333,87292.2041739515
2025-02-03,10420.1101333333,89475.6285228211
2025-02-04,12643.5195833333,98814.4365681897
2025-02-05,11431.8932666667,93377.6237068843
2025-02-06,11166.2420333333,92408.6088748678
2025-02-07,5650.2272,41855.0687329506
2025-02-08,4779.66301666667,37284.983037739
2025-02-09,10824.5242166667,89637.0692425771
2025-02-10,7083.0784,74338.0005253014
2025-02-11,7458.45206666667,76975.8665294056
2025-02-12,7874.12453333333,78313.622024922
2025-02-13,4915.33226666667,65021.880174362
2025-02-14,3944.96003333333,33653.0212888036
2025-02-15,3946.4079,33452.8491910874
2025-02-16,7376.84795,75203.180121961
2025-02-17,4629.69886666667,62904.0701624327
2025-02-18,4896.76548333333,64672.1573908257
2025-02-19,5987.26815,69970.656770583
2025-02-20,4395.27528333333,62620.2905062473
2025-02-21,2968.09265,29132.1871155143
2025-02-22,3079.50573333333,29602.9934259296
2025-02-23,4305.84846666667,62148.4539539222
2025-02-24,3359.98133333333,56969.3278254721
2025-02-25,2674.3414,54338.5590401489
2025-02-26,3371.83953333333,56931.9774577823
2025-02-27,3498.7986,58400.1876584989
2025-02-28,2314.44888333333,25907.6881927992
2025-03-01,2685.23488333333,26895.3803312043
2025-03-02,6426.8415,69292.3383647065
2025-03-03,6888.15681666667,71769.933922906
2025-03-04,4470.03098333333,61110.1323100367
2025-03-05,2658.4061,52715.3741625552
2025-03-06,2899.53376666667,53084.0452064001
2025-03-07,1899.71723333333,22957.9775202606
2025-03-08,1683.17666666667,22258.8533673114
2025-03-09,1725.88285,48089.6676947772
2025-03-10,2783.96318333333,52851.8210098388
2025-03-11,2313.66033333333,50054.1018533642
2025-03-12,1616.5484,47550.5967001996
2025-03-13,2379.14135,51264.1454932462
2025-03-14,1016.2674,19237.0084943609
2025-03-15,1005.77933333333,19572.7538250431
2025-03-16,1625.62985,47700.8832112672
2025-03-17,749.847,43511.0867275647
2025-03-18,1104.37123333333,44933.9475168472
2025-03-19,951.881783333333,44211.6422976212
2025-03-20,903.454766666667,44296.5890113154
2025-03-21,616.19785,17610.9084587703
2025-03-22,558.262033333333,17098.0561393775
2025-03-23,661.757166666667,43187.1683645909
2025-03-24,545.150283333333,42188.7678061319
2025-03-25,788.198383333334,43970.3731540117
2025-03-26,452.303283333333,42029.3473424025
2025-03-27,414.626116666666,42000.2750346974
2025-03-28,387.7495,16191.2460938091
2025-03-29,359.42885,16274.6107648302
2025-03-30,334.6792,41540.5681441
2025-03-31,406.672316666666,41266.8755979797
2025-04-01,303.605366666667,41427.4874925657
2025-04-02,899.97305,44412.4899990428
2025-04-03,262.139833333333,41204.0832753498
2025-04-04,236.7329,15379.6124287626
2025-04-05,226.053283333333,15650.0950232295
2025-04-06,217.910133333333,40452.4511197221
2025-04-07,198.904466666666,40032.1311103001
2025-04-08,204.657983333333,40854.1122778817
2025-04-09,177.478783333333,40565.3984022752
2025-04-10,202.560033333333,40821.1619620288
2025-04-11,152.0255,15215.1961627423
2025-04-12,141.798166666667,14859.6359216438
2025-04-13,146.787116666667,40186.761875443
2025-04-14,117.212616666667,40405.7818206857
2025-04-15,103.558266666667,39913.9749788451
2025-04-16,91.8676833333332,40157.5872527554
2025-04-17,89.5534,40252.8579103679
2025-04-18,87.1558166666667,14437.5393664483
2025-04-19,75.85285,14433.7624990794
2025-04-20,75.8528000000001,39535.7929847804
2025-04-21,62.3087166666664,40498.1072768827
2025-04-22,64.354733333333,39945.0905229786
2025-04-23,60.5165333333332,40103.0707091723
2025-04-24,55.0624666666667,40113.1252010829
2025-04-25,49.5967999999999,14643.7805482147
2025-04-26,44.6043999999999,14419.5087891183
2025-04-27,42.0938999999998,39511.8248258823
2025-04-28,89.3180333333334,39917.4537223194
2025-04-29,30.0378166666666,39623.2898646001
2025-04-30,20.9960666666666,39787.8124544744
2025-05-01,18.4380333333334,42593.5709952759
2025-05-02,18.4423166666666,16761.2747706508
2025-05-03,16.1479333333333,16903.7570789714
2025-05-04,13.5878000000001,42573.894749121
2025-05-05,13.2924,42433.444368246
2025-05-06,22.8940166666669,42641.0020097432
2025-05-07,12.3444333333334,42962.0606242269
2025-05-08,8.71870000000005,42563.726347872
2025-05-09,8.08348333333333,16620.7403170924
2025-05-10,6.51648333333333,16809.1781498731
2025-05-11,6.5164833333334,42683.2373311376
2025-05-12,6.5164833333334,42379.3806325322
2025-05-13,6.5164833333334,42395.1098824095
2025-05-14,6.5164833333334,42428.2227768325
2025-05-15,5.96850000000002,41727.7539421667
2025-05-16,4.30833333333332,16713.4875358857
2025-05-17,2.51864999999998,17108.4665941516
2025-05-18,0.623066666666697,42319.5998484598
2025-05-19,0.221050000000105,42081.1418058813
2025-05-20,0.171316666666674,42443.4543369344
2025-05-21,0.171316666666674,42141.9793618899
2025-05-22,0.171316666666674,41995.9228311249
2025-05-23,0.171316666666674,16725.3556129802
2025-05-24,0.171316666666674,16623.030231635
2025-05-25,0.171316666666674,42313.666826927
2025-05-26,0.171316666666674,41609.7973833638
2025-05-27,0.171316666666674,42042.0123647042
2025-05-28,0.171316666666674,41852.8675887724
2025-05-29,0.171316666666674,42681.542401352
2025-05-30,0.171316666666674,16329.1842132418
2025-05-31,0.171316666666674,16535.0107879739
2025-06-01,1942.38191666667,56030.271878459
2025-06-02,581.467966666667,50779.3334105328
2025-06-03,581.436783333333,51169.0931345752
2025-06-04,506.636666666666,50600.0096192033
2025-06-05,754.123233333333,51775.7397606613
2025-06-06,519.564066666667,23998.2380198717
2025-06-07,0.171316666666674,21917.9993297859
2025-06-08,63.2763666666666,48738.1942634975
2025-06-09,604.704966666667,51142.609697169
2025-06-10,1009.52383333333,52386.1302033503
2025-06-11,3938.74081666667,66913.9008301934
2025-06-12,1853.85668333333,56343.1612972533
2025-06-13,16.9638333333335,21449.9536733811
2025-06-14,9.61323333333333,21670.9217021026
2025-06-15,1774.38763333333,55852.9958752055
2025-06-16,1943.68986666667,56889.9395923251
2025-06-17,3732.12036666667,64358.0798974304
2025-06-18,971.065066666667,51989.1081940158
2025-06-19,163.158083333333,48795.119447868
2025-06-20,0.077350000000024,20692.3221116383
2025-06-21,0.077350000000024,20649.4710967867
2025-06-22,1510.47813333333,54171.4263913472
2025-06-23,1142.70368333333,52903.7887853823
2025-06-24,4528.24851666667,67439.0571306036
2025-06-25,1988.11261666667,54981.5272618725
2025-06-26,803.88335,51374.469607461
2025-06-27,0.077350000000024,20207.970098716
2025-06-28,0.077350000000024,20298.050192855
2025-06-29,683.314033333334,49981.3239187272
2025-06-30,711.6764,49904.5808863927
2025-07-01,135.663466666667,58618.1396364267
2025-07-02,0.171316666666523,57695.3414893579
2025-07-03,127.9226,58660.870276975
2025-07-04,0.171316666666674,28287.24144633
2025-07-05,0.171316666666674,28021.6794790432
2025-07-06,760.395766666667,61217.5901590533
2025-07-07,0.171316666666523,57758.3756295133
2025-07-08,0.171316666666523,57922.26971273
2025-07-09,0.171316666666598,57343.849111238
2025-07-10,0.171316666666523,57404.9391814217
2025-07-11,0.171316666666674,27648.6603427585
2025-07-12,0.171316666666674,27697.5999921058
2025-07-13,0.171316666666523,57004.5446663016
2025-07-14,0.171316666666598,57919.1483442741
2025-07-15,0.171316666666674,56677.9096847459
2025-07-16,0.171316666666598,57181.0117113508
2025-07-17,0.171316666666523,56732.6174014585
2025-07-18,0.171316666666598,26980.1374805733
2025-07-19,0.17131666666675,27464.9552906677
2025-07-20,0.171316666666598,55978.7451117517
2025-07-21,0.171316666666598,55738.9510732347
2025-07-22,146.18485,57067.4319796617
2025-07-23,0.172366666666524,56544.5738210884
2025-07-24,241.823966666667,57187.5364546668
2025-07-25,0.243816666666665,26535.5060816825
2025-07-26,1.80289999999998,26755.0302423061
2025-07-27,2.66704999999987,55369.48611616
2025-07-28,136.047516666667,56176.5999219606
2025-07-29,329.362,56727.9400271292
2025-07-30,6.5164833333334,55706.0143852717
2025-07-31,23.5798333333332,55261.285812521
2025-08-01,6.51648333333333,26722.8804586678
2025-08-02,6.5164833333334,25979.601683651
2025-08-03,6.5164833333334,55721.980104848
2025-08-04,7.46558333333337,55594.7291883333
2025-08-05,9.83806666666669,54248.8525186966
2025-08-06,9.46568333333335,54347.4333632236
2025-08-07,10.7696833333334,54702.7029191558
2025-08-08,12.55865,25665.9966181653
2025-08-09,15.6318,25560.518174609
2025-08-10,16.0813000000001,54333.716830011
2025-08-11,16.9615500000001,54242.4797097155
2025-08-12,20.5927,54629.7516913149
2025-08-13,24.2419500000002,54418.0310820286
2025-08-14,35.2771166666668,54345.9033105974
2025-08-15,36.9717333333332,25555.7644987815
2025-08-16,42.1931,25664.6765805384
2025-08-17,48.53205,53791.1617049845
2025-08-18,52.0936333333332,54050.8027603741
2025-08-19,55.4372833333333,53703.9857187363
2025-08-20,61.8191333333333,53656.0968043722
2025-08-21,67.4673999999999,53618.3659870647
2025-08-22,65.7221999999999,26166.0540573892
2025-08-23,70.7939999999999,25528.7807871878
2025-08-24,77.0869166666666,53697.5433429538
2025-08-25,87.2405999999998,53294.4837399925
2025-08-26,88.0416166666666,53145.0831337894
2025-08-27,106.191716666667,52807.7027783584
2025-08-28,351.398733333333,54538.9579978072
2025-08-29,126.510616666667,25203.4469897003
2025-08-30,128.0718,25665.3896238208
2025-08-31,143.808916666667,53009.5927301128
2025-09-01,154.061183333333,43655.3138199491
2025-09-02,163.546816666667,44084.3637408301
2025-09-03,189.130483333333,44092.8284141161
2025-09-04,207.139316666667,44043.5113658045
2025-09-05,207.912766666667,18407.525250524
2025-09-06,219.758016666667,18582.6679067658
2025-09-07,230.684166666667,43821.693378548
2025-09-08,344.087533333333,44575.829979893
2025-09-09,245.733466666667,44280.4791001039
2025-09-10,347.255383333333,44742.2224027415
2025-09-11,294.0432,44289.0111877848
2025-09-12,329.539533333333,18978.9687292128
2025-09-13,344.245266666667,18762.7965055495
2025-09-14,373.966483333333,44836.9915609287
2025-09-15,398.791633333334,44780.321208183
2025-09-16,403.196483333333,45375.7784436202
2025-09-17,452.8189,45017.5187422423
2025-09-18,437.023566666667,45153.5991356376
2025-09-19,505.362183333333,19683.5145251007
2025-09-20,582.821733333333,19971.3690848775
2025-09-21,566.72665,45691.3501673472
2025-09-22,602.01505,45990.2272642607
2025-09-23,800.029883333333,47131.6791462931
2025-09-24,690.208683333333,46088.2856285725
2025-09-25,768.6183,46373.6023231173
2025-09-26,727.323666666666,19986.2525693778
2025-09-27,1016.8563,22287.1582685899
2025-09-28,869.690316666667,46504.8004669081
2025-09-29,873.866533333333,47230.0148961746
2025-09-30,1800.46598333333,51064.5012243291
2025-10-01,848.67345,43486.1441063483
2025-10-02,843.3816,43616.7466948278
2025-10-03,917.249816666667,18538.8572260912
2025-10-04,1080.33603333333,19732.2479416913
2025-10-05,1003.51201666667,44588.3731190943
2025-10-06,1229.13658333333,45876.5689194088
2025-10-07,1213.13663333333,45257.0154121923
2025-10-08,1315.79753333333,45766.2091353288
2025-10-09,1432.90673333333,46583.881872077
2025-10-10,1532.42135,21751.2985379459
2025-10-11,1690.86626666667,22371.0260859629
2025-10-12,1570.97898333333,47250.9966569662
2025-10-13,1541.43155,47213.0858688917
2025-10-14,2324.44831666667,50852.8912646247
2025-10-15,2051.2559,49066.844816701
2025-10-16,3655.84728333333,56404.1377258508
2025-10-17,2060.3969,23891.8519058929
2025-10-18,2293.7783,24789.4951588389
2025-10-19,3915.16333333333,57509.6972307065
2025-10-20,3542.1483,56708.48161261
2025-10-21,3764.78093333333,57379.6868959465
2025-10-22,4502.55013333333,61035.332152228
2025-10-23,3755.8641,57130.7314382596
2025-10-24,3205.23555,29374.3568860117
2025-10-25,2937.60635,27911.3287462586
2025-10-26,3458.81675,55499.8369938515
2025-10-27,4853.47335,61709.4436509077
2025-10-28,4728.74061666667,61407.3908847068
2025-10-29,6124.26076666667,68336.6596339048
2025-10-30,4953.50665,62145.6132230724
2025-10-31,3962.07733333333,32361.0180254799
2025-11-01,3777.85515,31391.1057722151
2025-11-02,5983.9724,67707.2151075523
2025-11-03,5678.90988333333,65586.9758371285
2025-11-04,5649.37491666667,65653.7022726935
2025-11-05,6607.77766666667,69955.3676494474
2025-11-06,7279.6774,74115.2447519617
2025-11-07,4467.54818333333,35210.1576690196
2025-11-08,4084.07135,32914.3454340636
2025-11-09,7611.78366666667,74876.9228333652
2025-11-10,8554.83773333333,79762.1134256979
2025-11-11,7944.76033333333,76406.4940325234
2025-11-12,8248.8922,78057.8341415235
2025-11-13,7766.13838333333,75719.4349020089
2025-11-14,5099.59583333333,37351.8167031169
2025-11-15,5164.02166666667,38047.3854635391
2025-11-16,9712.78145,84492.0399252435
2025-11-17,9054.51458333333,81402.1988813999
2025-11-18,9370.58426666667,82596.4497224396
2025-11-19,10412.58755,88163.2870390681
2025-11-20,9647.72081666666,84349.4100045954
2025-11-21,5564.80713333333,39705.8223219771
2025-11-22,5688.11305,40601.4001830998
2025-11-23,10771.86605,89449.4050899993
2025-11-24,9694.33911666667,84364.0558428807
2025-11-25,11186.8143166667,91109.6277296215
2025-11-26,11179.11845,91007.2232318783
2025-11-27,11024.3758666667,89821.496619998
2025-11-28,6193.67423333333,42766.7567143707
2025-11-29,6581.89641666666,43996.2618027954
2025-11-30,13912.0754333333,102282.700973137
2025-12-01,14407.8583166667,109661.047280989
2025-12-02,16480.3804833333,117106.682692823
2025-12-03,15863.6713833333,113222.842498221
2025-12-04,14761.1544833333,110730.258006164
2025-12-05,8136.26633333333,53611.5361718109
2025-12-06,8390.34308333333,54938.6865165224
2025-12-07,15839.5883666667,114019.151819004
2025-12-08,16717.7075666667,116743.748569548
2025-12-09,15809.2750666667,115265.412124607
2025-12-10,17245.8355666667,118292.602790903
2025-12-11,15381.3853,111265.99124779
2025-12-12,8302.33271666667,54190.3547810606
2025-12-13,8229.72128333333,54081.5858373957
2025-12-14,17394.8637666667,119428.588720418
2025-12-15,18308.0014333333,122461.61275136
2025-12-16,18088.52895,121808.026954672
2025-12-17,16865.4898166667,117056.881059662
2025-12-18,16436.6175333333,117484.533660498
2025-12-19,8608.84415,55585.9878958417
2025-12-20,8736.40126666667,56629.8669948996
2025-12-21,18059.6959,120948.038804755
2025-12-22,17291.5686,119836.44159327
2025-12-23,16617.2763333333,116125.141165923
2025-12-24,17070.1542666667,119668.43702094
2025-12-25,17138.9267166667,117680.731915058
2025-12-26,8861.71818333333,56437.1476459922
2025-12-27,8405.87085,54515.0919715295
2025-12-28,16311.6755,114710.567513039
2025-12-29,16661.2436,115380.83465106
2025-12-30,15808.3142333333,113233.551628662
2025-12-31,17789.9890333333,120992.134835332
