date,buy_kwh,em_kwh,cost_yuan,chg_kwh,dis_kwh,curt_kwh,pv_load_kwh,pv_chg_kwh,E0_kwh,E24_kwh,exitflag,abs_gap
2025-02-01,38090.2917090535,0,19642.0454639413,20363.0479423868,16494.0688333333,0,31455.0284666667,10472.0018833333,1200,1200,1,3.63797880709171e-12
2025-02-02,82818.5578827161,0,51758.8582211912,23541.2277160494,19068.39445,0,42912.50215,437.19255,1200,1200,1,0
2025-02-03,84729.2805810699,0,53066.6595218982,23753.6355144033,19240.4447666667,0,42306.1860166667,80.6664833333334,1200,1200,1,1.45519152283669e-11
2025-02-04,85880.6413176955,0,54013.3766356452,24455.6615843621,19809.0858833333,0,40064.18655,319.04835,1200,1200,1,0
2025-02-05,85261.5992393004,0,53368.7690337748,23763.8715226337,19248.7359333333,0,41201.4751,41.18235,1200,1200,1,1.45519152283669e-11
2025-02-06,84978.5183718333,0,53107.2109757451,24001.4008166667,19441.1346615,0,41979.7046666667,1.40081666666674,1200,1200,1,0.0295182541885879
2025-02-07,37432.1627135802,0,19220.1294157694,20438.9902469136,16555.5821,1732.73656666666,31963.5140333333,10666.6666666667,1200,1200,1,1.09139364212751e-11
2025-02-08,36133.8937707819,0,18593.7555233354,19502.9580041152,15797.3959833333,988.882366666669,32514.0757666667,10666.6666666667,1200,1200,1,0
2025-02-09,84070.2350440329,0,52407.2597776519,23977.1618106996,19421.5010666667,0,41940.0581833333,52.4294166666667,1200,1200,1,7.27595761418343e-12
2025-02-10,78746.0498033333,0,48693.671710606,23359.8713333333,18921.49578,0,45699.1991666667,1451.72776666667,1200,1200,1,7.27595761418343e-12
2025-02-11,79700.3647246913,0,49567.415205805,23273.2680246914,18851.3471,0,45238.3448333333,982.33965,1200,1200,1,1.45519152283669e-11
2025-02-12,79695.4058138333,0,49685.9993497249,23330.05095,18897.3412695,0,44732.27825,1364.8385,1200,1200,1,0
2025-02-13,75822.1216037037,0,46687.8729177909,22921.2153703704,18566.18445,0,47788.8613666667,2191.94333333333,1200,1200,1,1.45519152283669e-11
2025-02-14,35576.5865205761,0,18284.5203415168,19204.6283539095,15555.7489666667,2140.63365,33263.5358166667,10666.6666666667,1200,1200,1,0
2025-02-15,35400.4471726338,0,18255.2101584564,18740.0098559671,15179.4079833333,2689.13586666666,33418.6586166667,10666.6666666667,1200,1200,1,3.63797880709171e-12
2025-02-16,79727.4201467078,0,49375.1958903812,22920.2072633745,18565.3678833333,0,45328.55015,571.048033333333,1200,1200,1,0
2025-02-17,75478.9418777778,0,46296.9827700917,22680.4844444444,18371.1924,0,47877.6082666667,1898.90138333333,1200,1200,1,0
2025-02-18,76530.2584418457,0,47019.8536000105,23245.775395679,18829.0780705,0,48042.8492833333,1197.03416666667,1200,1200,1,2.91038304567337e-11
2025-02-19,77250.1755444445,0,47835.6024919644,23150.1394444444,18751.61295,0,46712.4372,2275.02953333333,1200,1200,1,7.27595761418343e-12
2025-02-20,75400.848827572,0,46325.0174184575,22378.7197942387,18126.7630333333,0,48312.33495,1799.78835,1200,1200,1,0
2025-02-21,34313.7259347737,0,17363.3593214761,18569.0608847737,15040.9393166667,5245.32233333333,34329.751,10666.6666666667,1200,1200,1,0
2025-02-22,34272.3863666667,0,17505.3297877283,18166.6666666667,14715,3123.20515,34047.6075666667,10666.6666666667,1200,1200,1,0.114536137290997
2025-02-23,75853.0036932099,0,46517.2809895768,22644.7632098765,18342.2582,0,48245.1451666667,1365.14208333333,1200,1200,1,1.45519152283669e-11
2025-02-24,72487.6060742798,0,44385.3120386478,22513.9953909465,18236.3362666667,0,49295.0557333333,3130.8992,1200,1200,1,0
2025-02-25,69994.8557351852,0,42927.4366224883,21839.6535185185,17690.11935,0,50542.7501166667,4729.25953333333,1200,1200,1,0
2025-02-26,73037.4132796296,0,44615.1561180109,22373.8346296296,18122.80605,0,49537.6689,2708.21718333333,1200,1200,1,0
2025-02-27,71422.0180771605,0,44187.9236815576,22580.0554938272,18289.84495,0,48956.3358,4686.56893333333,1200,1200,1,0
2025-02-28,33150.9296518518,0,16777.0291981533,17864.3285185185,14470.1061,6503.19035,34922.6573833333,10666.6666666667,1200,1200,1,7.27595761418343e-12
2025-03-01,31760.7325049383,0,16307.4119120761,17081.7420164609,13836.2110333333,4967.65225514403,32930.7748833333,10686.9670781893,1200,1200,1,0
2025-03-02,76835.1833909465,0,47260.9274792478,23720.2087242798,19213.3690666667,0,45265.2165833333,236.893433333333,1200,1200,1,0
2025-03-03,76453.1567139918,0,47136.0741240694,23360.3162139918,18921.8561333333,0,44769.1666333333,1172.43233333333,1200,1200,1,0
2025-03-04,73546.3625632202,0,44805.6936329657,22863.4541923868,18519.3978958333,0,47224.35385,1715.2132,1200,1200,1,7.27595761418343e-12
2025-03-05,70339.8480915638,0,42815.5220725761,22265.4793415638,18035.0382666667,0,49305.5352666666,2637.43655,1200,1200,1,1.45519152283669e-11
2025-03-06,70297.4187753086,0,42773.8860686354,22120.5419753086,17917.639,0,48766.1620333333,2966.78238333333,1200,1200,1,7.27595761418343e-12
2025-03-07,30592.3682697531,0,15574.1249525757,16293.7680864198,13197.95215,6553.27179999999,33538.13745,10666.6666666667,1200,1200,1,3.63797880709171e-12
2025-03-08,30799.6162779835,0,15603.6638914725,16392.6540946502,13278.0498166667,8746.10748333333,33868.7979166667,10666.6666666667,1200,1200,1,0
2025-03-09,67431.9183849794,0,40997.0263065281,21720.0438683128,17593.2355333333,0,50031.65645,4327.805,1200,1200,1,0
2025-03-10,72219.4420123457,0,43645.2768378642,22032.757345679,17846.53345,0,48970.8494666667,930.14345,1200,1200,1,7.27595761418343e-12
2025-03-11,68137.110403498,0,41250.134419867,21878.2540534979,17721.3857833333,0,49958.5918166667,3602.04233333333,1200,1200,1,0
2025-03-12,66498.5499781893,0,40357.6362364733,21634.2120781893,17523.7117833333,0,50789.22615,4887.476,1200,1200,1,7.27595761418343e-12
2025-03-13,71829.3358911666,0,43539.9242873216,21628.38355,17518.9906755,0,49964.4178333333,727.2412,1200,1200,1,3.07392847177107
2025-03-14,29789.4813271605,0,15092.117250997,15876.9221604938,12860.30695,10728.5434666667,34684.2328333333,10666.6666666667,1200,1200,1,0
2025-03-15,30402.3939467078,0,15381.8002096746,16032.7639300411,12986.5387833333,6616.84365,34517.3463166667,10666.6666666667,1200,1200,1,7.27595761418343e-12
2025-03-16,67489.2642691358,0,40671.505820463,21871.9158024691,17716.2518,0,51061.1302666666,3571.03878333333,1200,1200,1,0
2025-03-17,61944.6931,0,37330.334652195,21333.3333333333,17280,0,53416.0278333333,6419.46253333333,1200,1200,1,7.27595761418343e-12
2025-03-18,65212.7988316872,0,39373.0152292619,21551.6427983539,17456.8306666667,0,51248.39,4879.07521666667,1200,1200,1,0
2025-03-19,63554.6936399177,0,38386.1567171223,21520.1571399177,17431.3272833333,0,51792.1232666667,6023.96428333333,1200,1200,1,0
2025-03-20,66460.6569532922,0,40128.5493267495,21491.8077366255,17408.3642666667,0,51528.5432333334,3910.87668333333,1200,1200,1,2.91038304567337e-11
2025-03-21,29253.6333452675,0,14603.2671514133,15576.9213786008,12617.3063166667,14268.8187666667,35624.5822666666,10666.6666666667,1200,1200,1,0
2025-03-22,28819.7739911523,0,14394.6534433202,15337.4450411523,12423.3304833333,10197.2647,35191.7984333333,10666.6666666667,1200,1200,1,0
2025-03-23,62838.8651166666,0,37692.747248225,21333.3333333333,17280,0,53316.2802166667,5653.97693333333,1200,1200,1,0
2025-03-24,62069.1606794239,0,37398.1419512614,21519.7733127572,17431.0163833333,0,52441.76475,6984.90878333333,1200,1200,1,0
2025-03-25,65037.8188343622,0,39145.3801595173,21381.1532510288,17318.7341333333,0,52315.0751333333,4787.96796666667,1200,1200,1,2.91038304567337e-11
2025-03-26,59626.1082,0,35928.31292077,21333.3333333333,17280,0,53937.5564,8174.51653333333,1200,1200,1,7.27595761418343e-12
2025-03-27,62940.3379965021,0,37708.984605138,21346.825946502,17290.9290166667,0,53502.6735666667,5732.9354,1200,1200,1,0
2025-03-28,28446.0825942387,0,14055.0074113404,15379.728127572,12457.5797833333,14728.6734833333,35674.54635,10666.6666666667,1200,1200,1,0
2025-03-29,28410.5340666667,0,14206.6085090433,14833.3333333333,12015,18017.1648833333,35727.2367333333,10666.6666666667,1200,1200,1,0.484211431847143
2025-03-30,59416.4698709877,0,35474.6849647885,21517.202654321,17428.93415,0,54838.5145833333,7810.57156666667,1200,1200,1,0
2025-03-31,60981.6980460905,0,36338.0076494007,21066.8433127572,17064.1430833333,0,54445.9196166667,5678.35651666667,1200,1200,1,7.27595761418343e-12
2025-04-01,64225.0843825103,0,37922.4128025444,21198.2080658436,17170.5485333333,0,54688.1496333333,3070.14515,1200,1200,1,2.18278728425503e-11
2025-04-02,64512.7654,0,38320.2637245283,21333.3333333333,17280,0,53753.80445,3797.4896,1200,1200,1,0
2025-04-03,60097.966909465,0,36063.1276305336,21369.9472427983,17309.6572666667,0,54116.6960166666,7904.22981666667,1200,1200,1,0
2025-04-04,27313.0837539095,0,13314.8942424897,14718.7516872428,11922.1888666667,18128.2720166667,36510.0108833333,10666.6666666667,1200,1200,1,1.2732925824821e-11
2025-04-05,27559.5145174897,0,13596.8617300049,14353.5852674897,11626.4040666667,12924.1616666667,36967.79925,10666.6666666667,1200,1200,1,0
2025-04-06,58474.7262666667,0,34785.6857585883,21333.3333333333,17280,0,54897.0349,7898.31941666667,1200,1200,1,1.45519152283669e-11
2025-04-07,57246.6684732551,0,33847.6572397723,21273.9343329218,17231.8868096667,0,55775.66865,7996.7541,1200,1200,1,0
2025-04-08,58396.08195,0,35199.57217627,21333.3333333333,17280,0,54438.12985,8921.9668,1200,1200,1,0
2025-04-09,63238.2949230453,0,37231.8198427732,21474.2924897119,17394.1769166667,0,54468.1873166666,4075.0242,1200,1200,1,2.91038304567337e-11
2025-04-10,58685.8695666667,0,35101.5705649033,21333.3333333333,17280,0,55039.6349333333,8168.42785,1200,1200,1,3.48437066171027
2025-04-11,27003.3545403292,0,13116.7280422829,14317.5647736626,11597.2274666667,18994.3687333333,37114.3111833333,10666.6666666667,1200,1200,1,7.27595761418343e-12
2025-04-12,26170.1196520576,0,12770.4680828434,13687.8615020576,11087.1678166667,14695.66875,37569.6798,10666.6666666667,1200,1200,1,0
2025-04-13,58333.3892454732,0,34550.204950179,21157.1443621399,17137.2869333333,0,56069.3188833333,6937.38483333333,1200,1200,1,0
2025-04-14,56467.1222483334,0,33188.8519669687,20828.9585,16871.456385,0,57639.5245666667,7733.81631666667,1200,1200,1,0
2025-04-15,54007.8404843621,0,32454.3690029168,20303.4999176955,16445.8349333333,0,57288.9101833333,9628.56615,1200,1200,1,0.616438929402648
2025-04-16,59660.102282716,0,34984.5589418924,20587.5543827161,16675.91905,0,56665.3835166666,5479.9096,1200,1200,1,0
2025-04-17,56919.1081549382,0,33897.1440447997,20352.4516049383,16485.4858,0,57058.3490333333,7560.35125,1200,1200,1,0
2025-04-18,25741.8552018518,0,12261.5022503356,13734.1585185185,11124.6684,16788.9029,37680.4826,10666.6666666667,1200,1200,1,0
2025-04-19,25534.1560849794,0,12135.2963930094,13766.5405349794,11150.8978333333,16305.1624666667,38148.9069666667,10666.6666666667,1200,1200,1,0
2025-04-20,55966.5532913333,0,32915.0951352947,21210.6232,17180.604792,0,56973.4470166667,8266.62445,1200,1200,1,0
2025-04-21,52371.4802837448,0,31149.7628448941,20040.4293004115,16232.7477333333,0,59414.0016833333,10550.7258166667,1200,1200,1,3.63797880709171e-12
2025-04-22,55977.8246991769,0,32822.382302459,20471.756399177,16582.1226833333,0,58198.6859166667,7459.38578333333,1200,1200,1,0
2025-04-23,55280.4097271605,0,32301.4510698101,20258.5421604938,16409.41915,0,59062.7796833333,7567.81836666667,1200,1200,1,1.81898940354586e-11
2025-04-24,51303.8277333333,0,30690.5217280617,19833.3333333333,16065,281.792699999997,59459.2136,10666.6666666667,1200,1200,1,1.99759591111797
2025-04-25,24872.211979784,0,11775.2591648485,13235.8327006173,10721.0244875,20318.8077833333,38773.6370166667,10670.51875,1200,1200,1,7.27595761418343e-12
2025-04-26,25129.5969985597,0,12057.7701556781,13110.3024485597,10619.3449833333,22748.8725666667,38615.1915,10666.6666666667,1200,1200,1,0
2025-04-27,52769.5042479424,0,31628.137376963,20501.3334979424,16606.0801333333,348.898033333334,57443.48665,10666.6666666667,1200,1200,1,3.63797880709171e-12
2025-04-28,60551.9980121399,0,35166.7559063288,20519.1176954733,16620.4853333333,0,57099.7404,3815.59308333333,1200,1200,1,7.27595761418343e-12
2025-04-29,51130.8128820988,0,31007.7189917873,18553.6054320988,15028.4204,140.619133333335,59012.2592,10666.6666666667,1200,1200,1,1.81898940354586e-11
2025-04-30,51780.2976343621,0,30525.5763399035,19013.5782510288,15400.9983833333,0,60650.03235,8775.99393333333,1200,1200,1,0
2025-05-01,55697.2423759259,0,34288.3870369483,20488.3075925926,16595.52915,590.868466666671,58095.6699833333,10666.6666666667,1200,1200,1,7.27595761418343e-12
2025-05-02,28725.0208917695,0,14826.9170970914,13662.2006584362,11066.3825333333,11855.24935,37948.7906333333,10666.6666666667,1200,1200,1,0
2025-05-03,27665.9987613169,0,14154.3976029978,13306.6974279835,10778.4249166667,16420.5679333333,38940.4430333333,10666.6666666667,1200,1200,1,0
2025-05-04,55263.2046547325,0,33682.3024419635,18485.5736213992,14973.3146333333,0,60646.5855666667,8288.83133333333,1200,1200,1,1.45519152283669e-11
2025-05-05,59041.4029950617,0,35504.5947134278,20864.6817283951,16900.3922,0,58006.2234833333,7529.93358333333,1200,1200,1,0
2025-05-06,56859.6092504115,0,34327.1673123224,21151.0976337449,17132.3890833333,0,58397.8367,9749.27103333333,1200,1200,1,0
2025-05-07,58964.9782442387,0,35911.5034692163,20585.933127572,16674.6058333333,0,57903.75545,8188.61361666667,1200,1200,1,0.382852393093344
2025-05-08,59678.6780026749,0,35801.5192353047,19375.9154526749,15694.4915166667,0,59008.94955,5610.01543333333,1200,1200,1,1.45519152283669e-11
2025-05-09,27500.8045335391,0,13956.2471477762,13423.5796502058,10873.0995166667,16384.5052166667,38703.2677166667,10666.6666666667,1200,1200,1,1.09139364212751e-11
2025-05-10,27265.9505416667,0,13818.945444015,13172.6091666667,10669.813425,12841.9561833333,39012.3764166667,10672.6091666667,1200,1200,1,0.531402353835801
2025-05-11,59096.8107529959,0,35559.7273723107,19198.5965069959,15550.8631706667,0,59385.6940166667,5873.31731666667,1200,1200,1,1.45519152283669e-11
2025-05-12,55342.4574855967,0,33661.8511752557,17622.7311522634,14274.4122333333,0,61252.1447,7265.26368333333,1200,1200,1,1.45519152283669e-11
2025-05-13,56874.3134977366,0,34107.1893920015,19691.1705144033,15949.8481166667,0,60237.3774166667,6903.04141666667,1200,1200,1,2.18278728425503e-11
2025-05-14,56649.977263786,0,33991.394490366,19397.1498971193,15711.6914166667,0,60491.6152833334,7086.2412,1200,1200,1,0
2025-05-15,56654.2494374486,0,34150.638069409,19621.2780041152,15893.2351833333,0,58837.09245,7996.15908333333,1200,1200,1,7.27595761418343e-12
2025-05-16,26282.7208540123,0,13076.8333958011,12512.4581790123,10135.091125,21180.8672666667,40116.77845,10668.1925,1200,1200,1,0
2025-05-17,27041.6815899177,0,13837.226211647,12493.8921399177,10120.0526333333,14392.733,39766.3316833333,10666.6666666667,1200,1200,1,0
2025-05-18,57452.1895952675,0,33903.4233398329,19857.2447119342,16084.3682166667,0,60617.75705,6393.11185,1200,1200,1,7.27595761418343e-12
2025-05-19,51596.7065148148,0,31531.8864154752,18656.0068518519,15111.36555,540.161996296294,61340.7307333333,10676.2787037037,1200,1200,1,3.63797880709171e-12
2025-05-20,58147.3740580247,0,34746.9457883387,18924.6363580247,15328.95545,0,60462.7364333333,5447.44646666667,1200,1200,1,0
2025-05-21,54746.5860921811,0,33457.873335758,17946.2849588477,14536.4908166667,0,60322.78765,8597.64835,1200,1200,1,7.27595761418343e-12
2025-05-22,54551.3585286008,0,33045.6201076048,18698.8563786008,15146.0736666667,0,60597.9269666667,8315.12223333334,1200,1200,1,0
2025-05-23,26197.01221893,0,13051.0670177298,12579.94281893,10189.7536833333,17387.3675333333,40508.4013,10666.6666666667,1200,1200,1,0
2025-05-24,25933.2276940329,0,12802.5269330735,12422.6584773663,10062.3533666667,19952.2945333333,40320.3552333333,10666.6666666667,1200,1200,1,0
2025-05-25,51992.0883195473,0,31817.297905849,18054.288436214,14623.9736333333,0,61738.4701166667,10036.3973,1200,1200,1,0.579671248346131
2025-05-26,58181.7211164609,0,34602.2546389691,19130.4903497942,15495.6971833333,0,59526.2041333333,5301.93228333333,1200,1200,1,0
2025-05-27,52841.0504853909,0,31968.4787268185,18197.2448353909,14739.7683166667,0,61623.2716666667,9033.18838333334,1200,1200,1,3.63797880709171e-12
2025-05-28,55943.6385209876,0,33376.8293358234,19457.1109876543,15760.2599,0,60306.1521833333,7341.87093333333,1200,1200,1,0
2025-05-29,58074.6745911667,0,34840.2401729463,19803.2952166667,16040.6691255,0,59734.8492166667,6594.34155,1200,1200,1,0
2025-05-30,26384.3716076132,0,13254.7252103641,12767.0503909465,10341.3108166667,17365.8104333333,39983.5141166667,10666.6666666667,1200,1200,1,0
2025-05-31,26111.2940554012,0,12841.9769153711,12841.5941512346,10401.6912625,15567.9912833333,40123.3268333333,10697.8329166667,1200,1200,1,0
2025-06-01,75330.97548,0,45891.4287424346,21509.1886666667,17422.44282,0,56464.7025,559.031233333333,1200,1200,1,1.9889675641316
2025-06-02,72866.9231037037,0,45053.0672732424,22178.6087037037,17964.67305,0,55506.2839833333,3933.44555,1200,1200,1,0
2025-06-03,72298.3079158436,0,44364.9771838701,21784.786399177,17645.6769833333,0,56766.9276,3117.54613333333,1200,1200,1,0
2025-06-04,73744.1978158436,0,44802.8048486682,21582.3613991769,17481.7127333333,0,57522.9099333333,1371.67283333333,1200,1200,1,0
2025-06-05,75545.4118280124,0,46244.2031174436,22347.1077790123,18101.157301,0,55421.4578166667,1885.14483333333,1200,1200,1,2.18278728425503e-11
2025-06-06,35681.8442440329,0,20335.3079036943,13645.9184773663,11053.1939666667,2166.41933333333,39059.3336,10666.6666666667,1200,1200,1,0
2025-06-07,34233.6360691358,0,19173.0179257957,13676.6291358025,11078.0696,720.478366666662,40643.10155,10666.6666666667,1200,1200,1,3.63797880709171e-12
2025-06-08,68923.8571944444,0,42464.1268459321,19636.6961111111,15905.72385,0,59468.4810166667,3613.54236666667,1200,1200,1,0
2025-06-09,75178.182558642,0,46396.1613254576,22422.1569753086,18161.94715,0,55271.0552166667,1965.42003333333,1200,1200,1,0
2025-06-10,75886.6220883127,0,46471.0028746715,22469.4185349794,18200.2290133333,0,54422.7685,1373.27905,1200,1200,1,2.91038304567337e-11
2025-06-11,80592.9853893004,0,50269.0028349636,23632.7231893004,19142.5057833333,0,51128.4358166667,1023.79518333333,1200,1200,1,1.45519152283669e-11
2025-06-12,76978.9510559445,0,47517.0397833595,22784.2436277778,18455.2373385,0,54147.9283833334,1121.49316666667,1200,1200,1,7.27595761418343e-12
2025-06-13,33957.886826749,0,19111.4749217108,13678.058744856,11079.2275833333,3049.413631893,39811.0855166667,10683.7775514403,1200,1200,1,0
2025-06-14,33891.6891703704,0,18941.1266037444,13252.2987037037,10734.36195,5311.838,40081.3097,10666.6666666667,1200,1200,1,7.27595761418343e-12
2025-06-15,74855.8743333334,0,45711.408809365,22333.3333333333,18090,0,56026.9343666667,714.975816666667,1200,1200,1,0
2025-06-16,76979.1724533333,0,47559.074101688,22451.463,18185.68503,0,53737.7756833334,1186.80351666667,1200,1200,1,0.37306673299463
2025-06-17,79021.5578833333,0,48905.7312711816,23166.6666666667,18765,0,52272.80695,401.936433333333,1200,1200,1,0.0387093463214114
2025-06-18,75099.5033722222,0,45938.9523982656,22056.6972222222,17865.92475,0,55593.0228,387.665216666667,1200,1200,1,0
2025-06-19,72541.052085391,0,44570.983779088,21963.2081687243,17790.1986166667,0,56241.6760166667,2847.88668333333,1200,1200,1,0
2025-06-20,32193.9317942387,0,17760.8619880126,12890.4864609054,10441.2940333333,7304.42018333333,40765.4120166666,10666.6666666667,1200,1200,1,0
2025-06-21,32074.2862323045,0,17239.2519870841,13233.9900823045,10719.5319666667,10292.6193833333,41114.03835,10666.6666666667,1200,1200,1,7.27595761418343e-12
2025-06-22,71455.7499711934,0,43544.1179880247,21302.4589711934,17254.9917666667,0,57211.3433333333,1870.77748333333,1200,1200,1,0
2025-06-23,71304.4450641975,0,43968.0006321871,22361.8108641975,18113.0668,0,56282.0178666667,3347.56921666667,1200,1200,1,0
2025-06-24,80651.6467401667,0,49883.9503610773,23287.83065,18863.1428265,0,50674.7699166667,169.28285,1200,1200,1,0.973948721373745
2025-06-25,74654.114981572,0,45310.5518921919,21999.299727572,17819.4327793333,0,55072.2387833333,800.748283333333,1200,1200,1,0
2025-06-26,71768.9794319054,0,43891.5258605524,21490.354027572,17407.1867623333,0,56789.6737666666,2360.38776666667,1200,1200,1,0
2025-06-27,31537.1857670782,0,17179.1810712098,13153.7659670782,10654.5504333333,9233.00936666667,39891.9331,10666.6666666667,1200,1200,1,3.63797880709171e-12
2025-06-28,31832.7907012346,0,17170.8305947444,13124.1229012346,10630.53955,7760.33456666667,40457.64545,10666.6666666667,1200,1200,1,3.63797880709171e-12
2025-06-29,73416.7188607325,0,44620.7781007833,21669.0543547325,17551.9340273333,0,55870.9450166667,1246.09516666667,1200,1200,1,2.91038304567337e-11
2025-06-30,73759.728030679,0,45043.5455772835,21215.8721790123,17184.856465,0,54836.7567666667,1232.87983333333,1200,1200,1,0
2025-07-01,83024.0685738683,0,51567.9011837581,21908.2344238683,17745.6698833333,0,61252.4714666667,1427.83556666667,1200,1200,1,2.18278728425503e-11
2025-07-02,76841.0314129629,0,47765.0899990267,20537.2546296296,16635.17625,0,64422.76565,3871.1262,1200,1200,1,0
2025-07-03,84206.4090276934,0,52559.09017213,22540.2636545267,18257.6135601667,0,60385.65395,1419.46575,1200,1200,1,0
2025-07-04,41250.3083487654,0,23763.7946875396,13790.8404320988,11170.58075,9760.98953333334,46486.5420833333,10666.6666666667,1200,1200,1,0
2025-07-05,41649.6232248971,0,24069.3491610902,13901.1576748971,11259.9377166667,10363.6899666667,46052.3983,10666.6666666667,1200,1200,1,0
2025-07-06,84133.0494021214,0,52931.1895130177,22968.2079936214,18604.2484748333,0,59160.8665166666,2289.72658333333,1200,1200,1,1.45519152283669e-11
2025-07-07,77246.8874563786,0,47914.3235632826,20144.9808230453,16317.4344666667,0,64728.5051,3357.40628333333,1200,1200,1,1.45519152283669e-11
2025-07-08,79781.8718520576,0,50344.4937558897,22118.9465020576,17916.3466666667,0,60590.62815,5123.21183333333,1200,1200,1,7.27595761418343e-12
2025-07-09,78254.661990535,0,48730.7159834633,21913.291090535,17749.7657833333,0,62837.44035,3694.5396,1200,1200,1,0
2025-07-10,77128.8928378601,0,48447.9916229521,21587.5673045267,17485.9295166667,0,62314.9871833333,5294.93168333333,1200,1200,1,7.27595761418343e-12
2025-07-11,41429.7412458848,0,23764.5219083374,14309.6436625514,11590.8113666667,6281.63846666667,45274.0061166666,10666.6666666667,1200,1200,1,3.63797880709171e-12
2025-07-12,41645.1311166667,0,24099.9572669467,13905.405,11263.37805,8016.2475,45551.2136,10666.6666666667,1200,1200,1,0
2025-07-13,73216.6570187243,0,46330.0340833932,20807.2015020576,16853.8332166667,0,63269.6005333333,7356.04555,1200,1200,1,0
2025-07-14,75590.158004321,0,47497.9774561352,20005.9409876543,16204.8122,0,64917.0486,4337.69565,1200,1200,1,1.89409654519113
2025-07-15,76604.1422380659,0,47775.7819107353,20166.3069547325,16334.7086333333,0,63749.25805,3046.85403333333,1200,1200,1,2.91038304567337e-11
2025-07-16,75985.4937606996,0,47643.5646028355,20206.0984773663,16366.9397666667,0,63483.9188833333,4746.78311666667,1200,1200,1,0
2025-07-17,77058.2652962963,0,48391.1390715322,21898.302962963,17737.6254,0,61384.3021833333,5464.44103333333,1200,1200,1,0
2025-07-18,40110.5593327161,0,23070.8825000748,13626.1810493827,11037.20665,6251.53516666667,45505.6232666667,10666.6666666667,1200,1200,1,3.63797880709171e-12
2025-07-19,40426.7355421811,0,23601.0213104302,13023.1182921811,10548.7258166667,11004.21235,45710.8243333333,10666.6666666667,1200,1200,1,0
2025-07-20,76061.5077720165,0,47267.9269736648,20630.2959053498,16710.5396833333,0,63042.28845,3618.2721,1200,1200,1,0
2025-07-21,78044.6906707819,0,48752.0959157231,21476.2613374486,17395.7716833333,0,60891.6368833333,3561.43356666667,1200,1200,1,0
2025-07-22,77897.0191658436,0,48475.200278952,21458.6730658436,17381.5251833333,0,62383.4106,3336.3036,1200,1200,1,0
2025-07-23,78389.6170781893,0,49107.4252190038,22086.2454115226,17889.8587833333,0,60960.2679333333,4273.2186,1200,1200,1,0
2025-07-24,77762.8244600823,0,48686.9751354593,20809.4778600823,16855.6770666667,0,61657.6186833333,3628.12683333333,1200,1200,1,0
2025-07-25,39544.4343847737,0,22743.9874962482,13545.194218107,10971.6073166667,10495.5345833333,44630.50485,10723.4806833333,1200,1200,1,0
2025-07-26,39969.5515644033,0,23014.8485421621,13768.0555144033,11152.1249666667,9038.61945,45013.31225,10666.6666666667,1200,1200,1,7.27595761418343e-12
2025-07-27,77864.8571419753,0,48588.1461287354,22049.5386419753,17860.1263,0,59637.0838666666,4787.92261666667,1200,1200,1,0
2025-07-28,82078.1756203703,0,51246.1004232128,21551.702037037,17456.87865,0,59089.8216166667,1184.29958333333,1200,1200,1,0
2025-07-29,80182.9646520411,0,49654.5198281906,21711.6510633745,17586.4373613333,0,60945.3110166667,1300.18815,1200,1200,1,0
2025-07-30,78195.3604012346,0,48847.6497787664,21432.1562345679,17360.04655,0,60311.3896833333,4009.7207,1200,1200,1,2.18278728425503e-11
2025-07-31,79062.685791358,0,49385.1690239118,22204.2080246914,17985.4085,0,59694.8941,3033.42335,1200,1200,1,2.18278728425503e-11
2025-08-01,38860.8747604938,0,22336.9021303944,13007.8471604938,10536.3562,15112.6841333333,45688.7136333333,10666.6666666667,1200,1200,1,3.63797880709171e-12
2025-08-02,38342.1002825103,0,22132.6700076803,13334.7330658436,10801.1337833333,15123.9210666667,44844.63155,10666.6666666667,1200,1200,1,1.09139364212751e-11
2025-08-03,66665.2544823046,0,42561.6695105995,19825.4184156379,16058.5889166667,0,65078.3117,10144.6944666667,1200,1200,1,1.19499782305502
2025-08-04,69134.2502843622,0,43722.329390361,19819.5449176955,16053.8313833333,0,64716.4602666666,8179.9916,1200,1200,1,0
2025-08-05,69064.8886183127,0,43299.3459308108,20280.0555349794,16426.8449833333,0,63355.4850833333,7950.70246666667,1200,1200,1,0
2025-08-06,71866.2402474609,0,45380.7578777723,20160.8735831276,16330.3076023333,0,61593.4765833333,7008.21195,1200,1200,1,0
2025-08-07,67510.7340907407,0,42830.4106363433,20483.3974074074,16591.5519,0,63230.6910166666,10232.0782,1200,1200,1,0
2025-08-08,38331.0431755144,0,21820.0954796238,13843.7816255144,11213.4631166667,19898.7934166667,44362.5847833333,10666.6666666667,1200,1200,1,3.63797880709171e-12
2025-08-09,38463.2152462963,0,21966.5104797689,13784.3062962963,11165.2881,17120.8247166667,43594.4113666667,10666.6666666667,1200,1200,1,7.27595761418343e-12
2025-08-10,69015.6537899177,0,43574.5098066753,19543.235473251,15830.0207333333,0,63901.486,7329.33966666666,1200,1200,1,0
2025-08-11,68504.7990969136,0,43278.3559528104,20760.1619135802,16815.73115,0,62695.0714833333,9165.9387,1200,1200,1,0
2025-08-12,71455.3545266008,0,45320.9736747549,19208.2239119342,15558.6613686667,0,62612.9194333333,6264.13361666667,1200,1200,1,7.27595761418343e-12
2025-08-13,69738.3553454732,0,43750.9288655013,19221.1976954732,15569.1701333333,0,64246.9875166667,6180.03021666667,1200,1200,1,0
2025-08-14,70134.79765,0,44335.5907860217,21333.3333333333,17280,0,61674.4605166666,8335.30386666667,1200,1200,1,7.27595761418343e-12
2025-08-15,38869.9871866255,0,22049.0495651778,14074.1210699589,11400.0380666667,19056.5823,43085.0819166667,10666.6666666667,1200,1200,1,3.63797880709171e-12
2025-08-16,38564.4974292181,0,22115.8091643715,13712.6436625514,11107.2413666667,19137.1464333333,43450.4368833333,10666.6666666667,1200,1200,1,7.27595761418343e-12
2025-08-17,66996.7979419753,0,42779.439732747,20506.540308642,16610.29765,0,62213.1478833333,9990.575,1200,1200,1,0.237632253090851
2025-08-18,68432.7949186729,0,43379.3783809691,21054.9349228395,17054.4972875,0,62075.9726666667,9240.08643333334,1200,1200,1,2.01227005102555
2025-08-19,68098.4886331276,0,43258.3119050663,19737.6153497942,15987.4684333333,0,62324.2487833333,8722.57405,1200,1200,1,0
2025-08-20,74689.4458495885,0,46755.5948133051,21523.2356995885,17433.8209166667,0,59232.1383833333,5165.22421666667,1200,1200,1,0
2025-08-21,69776.9576917695,0,43875.3835111254,19832.7589917695,16064.5347833333,0,62560.3759666667,6567.00445,1200,1200,1,7.27595761418343e-12
2025-08-22,39736.7138987654,0,23046.1015591046,13887.1937654321,11248.62695,15811.6076833333,42822.88665,10666.6666666667,1200,1200,1,0
2025-08-23,38827.7065960905,0,22347.2563622911,13817.1716460905,11191.9090333333,13852.7361666667,42647.73725,10666.6666666667,1200,1200,1,1.45519152283669e-11
2025-08-24,68032.5002417695,0,43620.9976507727,21287.9373251029,17243.2292333333,263.539333333333,60404.2759166667,10666.6666666667,1200,1200,1,0
2025-08-25,74766.6025148148,0,47025.6481789115,21003.8798148148,17013.14265,0,58771.5284166667,4966.99831666667,1200,1200,1,2.18278728425503e-11
2025-08-26,69513.9206413333,0,44150.7077328064,20828.2048666667,16870.845942,0,60361.1381666666,8479.00738333333,1200,1200,1,2.73961988739029
2025-08-27,72002.4839588477,0,45631.3964563783,21692.9566255144,17571.2948666667,0,58261.6126833333,7612.62055,1200,1200,1,0
2025-08-28,75060.3521590535,0,46861.8968103603,21443.6079423868,17369.3224333333,0,59662.9207,4113.10088333333,1200,1200,1,7.27595761418343e-12
2025-08-29,39774.0901944444,0,22886.02439057,15090.7177777778,12223.4814,14374.5168,40731.9287333333,10666.6666666667,1200,1200,1,3.63797880709171e-12
2025-08-30,39243.7176119341,0,22764.2316751397,13756.8463786008,11143.0455666667,18302.8036333333,41542.89745,10666.6666666667,1200,1200,1,0
2025-08-31,70703.8577691358,0,44826.6073162482,20715.3141358025,16779.40445,0,59524.7985,7193.93825,1200,1200,1,0
2025-09-01,57318.0934693415,0,35304.6574404581,19552.0821193416,15837.1865166667,0,58947.72155,8741.76318333334,1200,1200,1,0
2025-09-02,58136.7041833333,0,35723.7907535383,21333.3333333333,17280,0,57648.8662666666,9826.20203333333,1200,1200,1,7.27595761418343e-12
2025-09-03,59257.6041744856,0,36947.8799136841,19485.9750411523,15783.6397833333,0,57066.08485,8819.91433333333,1200,1200,1,1.13154938467778
2025-09-04,58149.9016602881,0,36536.6086831019,20876.5858436214,16910.0345333333,203.908133333335,56265.0326833333,10666.6666666667,1200,1200,1,1.33170151506783
2025-09-05,30053.710391358,0,15974.1291004407,14106.7330246914,11426.45375,20516.0361166667,37126.016,10666.6666666667,1200,1200,1,0
2025-09-06,30352.8967609053,0,16082.391393211,14435.2664609054,11692.5658333333,20027.7174333333,37410.9063666667,10666.6666666667,1200,1200,1,0
2025-09-07,58984.8046355967,0,36159.1007165284,21233.8211522634,17199.3951333333,0,57324.8004333333,8495.22498333333,1200,1200,1,0
2025-09-08,63206.9741012346,0,38943.3572194444,20332.0679012346,16468.975,0,55392.3192166667,6612.70368333333,1200,1200,1,0
2025-09-09,58366.9639024691,0,36696.1557660773,20647.2241358025,16724.25155,1296.14371666667,56016.5909333333,10666.6666666667,1200,1200,1,3.63797880709171e-11
2025-09-10,65440.5254936214,0,40009.2280761301,21633.7991769547,17523.3773333333,0,54277.9364166667,5680.85341666667,1200,1200,1,7.27595761418343e-12
2025-09-11,58569.5577666667,0,36524.6866551067,21333.3333333333,17280,868.573650000003,55715.45225,10666.6666666667,1200,1200,1,1.45519152283669e-11
2025-09-12,31499.5282907407,0,16774.0866739861,14887.8357407407,12059.14695,17072.3283,36396.57595,10666.6666666667,1200,1200,1,0
2025-09-13,31209.7101399177,0,16746.5482813522,14797.9538065844,11986.3425833333,20554.8291,35834.9858666667,10666.6666666667,1200,1200,1,0
2025-09-14,64123.9780833333,0,39354.6282928083,21333.3333333333,17280,0,54780.3221,6358.04881666667,1200,1200,1,0
2025-09-15,59882.5146166667,0,37490.2634577417,21333.3333333333,17280,759.210650000004,54267.1219333333,10666.6666666667,1200,1200,1,1.30731023803673
2025-09-16,63507.4226376543,0,39107.1025520402,21413.3209876543,17344.79,0,54893.3620333334,7458.22545,1200,1200,1,0
2025-09-17,64039.7327573333,0,39446.1596381728,21338.8562666667,17284.473576,0,53928.54345,7036.13315,1200,1200,1,0
2025-09-18,63210.8477833333,0,39191.9046840667,21333.3333333333,17280,0,54050.6386833333,7797.42656666667,1200,1200,1,0.0174989353181445
2025-09-19,31885.9614738683,0,17138.8112782082,15081.1544238683,12215.7350833333,12924.7548166667,35594.3526666667,10666.6666666667,1200,1200,1,0
2025-09-20,31964.236945679,0,17189.7306411791,15440.662345679,12506.9365,13550.5607,35468.0665333333,10666.6666666667,1200,1200,1,1.09139364212751e-11
2025-09-21,62329.7475802469,0,38495.1610779911,21177.0619135802,17153.42015,0,55414.5611833333,7160.23431666667,1200,1200,1,0
2025-09-22,64676.11655,0,40040.63375934,21333.3333333333,17280,0,53426.01775,7178.0041,1200,1200,1,1.84453225877223
2025-09-23,66264.1572816872,0,41363.9233810388,21585.7194650206,17484.4327666667,0,52587.3702833333,6478.29546666667,1200,1200,1,0
2025-09-24,65033.7451,0,40292.1429801317,21333.3333333333,17280,0,52881.4060333333,7069.56228333333,1200,1200,1,0
2025-09-25,64538.7805666667,0,40124.8128006067,21333.3333333333,17280,0,52619.3151833333,7591.58306666667,1200,1200,1,3.37419009580481
2025-09-26,31647.8497185185,0,16804.9409243161,15421.8751851852,12491.7189,10989.2732666667,34844.1702833333,10666.6666666667,1200,1200,1,7.27595761418343e-12
2025-09-27,33330.9172687243,0,18195.7544948588,15788.3031687243,12788.5255666667,12700.39575,34777.4070833333,10666.6666666667,1200,1200,1,1.09139364212751e-11
2025-09-28,67536.5425915638,0,41640.5087464438,21497.8776748971,17413.2809166667,0,51805.4400666667,5096.55035,1200,1200,1,0
2025-09-29,66805.7218703704,0,41561.8109439928,21444.0803703704,17369.7051,0,52121.7600666667,6229.76313333333,1200,1200,1,0
2025-09-30,69674.547045393,0,43476.0821059053,21900.5207652263,17739.4218198333,0,50050.6659,5443.6144,1200,1200,1,7.27595761418343e-12
2025-10-01,56358.3822666667,0,34268.05594155,21333.3333333333,17280,2663.9374,54226.3291166667,10666.6666666667,1200,1200,1,1.79378923456534
2025-10-02,56598.4353333333,0,34414.9545869617,21333.3333333333,17280,623.433883333335,54210.8261166667,10666.6666666667,1200,1200,1,7.27595761418343e-12
2025-10-03,28784.6729176955,0,14400.3401115345,15499.7915843621,12554.8311833333,18033.1904833333,35007.1802833333,10666.6666666667,1200,1200,1,1.81898940354586e-12
2025-10-04,30233.8595880658,0,15247.701421595,16118.9852880658,13056.3780833333,14238.4666166667,34396.2991166667,10666.6666666667,1200,1200,1,0
2025-10-05,58796.0827333333,0,35778.3313010833,21333.3333333333,17280,0,53188.9398833333,9679.51995,1200,1200,1,7.27595761418343e-12
2025-10-06,61799.99925,0,37641.6741823767,21333.3333333333,17280,0,52440.1063333333,7722.92055,1200,1200,1,0
2025-10-07,61796.9913333333,0,37642.7512196883,21333.3333333333,17280,0,51667.9977333333,7917.6179,1200,1200,1,0
2025-10-08,60536.2023333333,0,36883.08584412,21333.3333333333,17280,0,52449.0482166667,8463.51846666667,1200,1200,1,2.18278728425503e-11
2025-10-09,59971.9050166667,0,36959.3305652767,21333.3333333333,17280,0,51851.6186666667,9821.38938333333,1200,1200,1,7.27595761418343e-12
2025-10-10,30703.9601802469,0,15626.7271227243,16163.3135802469,13092.284,18323.73135,34037.5211833333,10666.6666666667,1200,1200,1,3.63797880709171e-12
2025-10-11,30677.8508537037,0,15689.4390303731,16360.572037037,13252.06335,13585.9585833333,33432.0259166667,10666.6666666667,1200,1200,1,0
2025-10-12,62562.4093166666,0,38140.32237125,21333.3333333333,17280,0,52030.2273833333,7164.20081666667,1200,1200,1,2.25813006223325
2025-10-13,61121.2855652263,0,37633.5920406061,21383.5891152263,17320.7071833333,0,51703.9147666667,8946.44376666667,1200,1200,1,0
2025-10-14,64809.2876166666,0,39885.0209872933,21333.3333333333,17280,0,50027.8116666667,7230.58823333333,1200,1200,1,0
2025-10-15,66009.4552279835,0,40195.4146687625,21551.8240946502,17456.9775166667,0,50119.6501666667,5302.80695,1200,1200,1,0
2025-10-16,67250.0552506173,0,41532.6435876391,21875.5822839506,17719.22165,0,48353.7403833333,6413.063,1200,1200,1,0
2025-10-17,31027.4509950617,0,15861.3102571786,16333.1383950617,13229.8421,11872.1253833333,33400.1811666667,10666.6666666667,1200,1200,1,1.2732925824821e-11
2025-10-18,31069.1398888889,0,15877.2569811122,16308.2055555556,13209.6465,12061.3292333333,32852.1122833333,10666.6666666667,1200,1200,1,9.09494701772928e-12
2025-10-19,68041.1032841564,0,42059.0043591249,21994.363600823,17815.4345166667,0,48070.5658166667,6034.95903333333,1200,1200,1,0
2025-10-20,68640.2141491769,0,42287.4279772203,22145.316399177,17937.7062833333,0,48400.6135,5061.92278333333,1200,1200,1,0
2025-10-21,70736.6516617284,0,43217.7065673511,22360.3700617284,18111.89975,0,48049.6667,3288.60093333333,1200,1200,1,0
2025-10-22,69764.3841716049,0,43122.8210201409,22219.7849382716,17998.0258,0,47402.7602833334,4714.32955,1200,1200,1,0
2025-10-23,67668.5773699588,0,41713.0756042855,21875.8877366255,17719.4690666667,0,48052.6399666667,5779.87851666667,1200,1200,1,0
2025-10-24,32672.0499504115,0,16966.480310878,17299.1859670782,14012.3406333333,10930.7005666667,32118.1005833333,10666.6666666667,1200,1200,1,0
2025-10-25,31976.1865827161,0,16582.7703706555,16782.4777160494,13593.80695,9530.84308333333,32446.8445166667,10666.6666666667,1200,1200,1,3.63797880709171e-12
2025-10-26,68656.6001049383,0,42116.7269137243,21711.4899382716,17586.30685,0,48248.5378666667,4629.49446666667,1200,1200,1,0
2025-10-27,67708.953091358,0,42160.444842533,21865.2180246914,17710.8266,0,47259.0963166667,6978.88633333333,1200,1200,1,0
2025-10-28,70186.219573251,0,43293.8687877964,22254.9888065844,18026.5409333333,0,46981.15985,4560.56325,1200,1200,1,1.45519152283669e-11
2025-10-29,73665.1258654321,0,45594.1974354885,22916.6354320988,18562.4747,0,45747.2954166667,2662.0623,1200,1200,1,1.45519152283669e-11
2025-10-30,69104.420563786,0,42815.1873494344,21934.6732304527,17767.0853166667,0,46670.3489666667,5457.90395,1200,1200,1,0
2025-10-31,33126.3305893004,0,17297.2484585733,17478.9915226337,14157.9831333333,5879.5668,31298.4635,10666.6666666667,1200,1200,1,0
2025-11-01,32764.3695333333,0,16939.8697994783,17333.3333333333,14040,7082.82443333333,31680.67995,10666.6666666667,1200,1200,1,0.363229480011796
2025-11-02,73190.1283495,0,45367.646536565,22993.64605,18624.8533005,0,45613.9126833333,3432.9397,1200,1200,1,4.46441162422707
2025-11-03,73774.579740535,0,45355.1658968731,22665.4094238683,18358.9816333333,0,46095.42525,2208.5595,1200,1200,1,7.27595761418343e-12
2025-11-04,71881.7681368313,0,44643.7479453853,22622.9707201646,18324.6062833333,0,45742.8232833333,4073.71541666667,1200,1200,1,1.45519152283669e-11
2025-11-05,74052.2305150206,0,45808.3887972719,22799.5111316872,18467.6040166667,0,44988.8614833333,3097.52606666667,1200,1200,1,0
2025-11-06,75789.945573251,0,47151.8967537724,22537.540473251,18255.4077833333,0,44403.5714333333,1939.93815,1200,1200,1,0
2025-11-07,34018.3201679013,0,17600.172718876,18501.0225925926,14985.8283,7227.33575864197,30975.0564333333,10691.524691358,1200,1200,1,3.63797880709171e-12
2025-11-08,33139.9129788066,0,17209.08320612,17736.5393621399,14366.5968833333,6103.91506666667,31473.0779833333,10666.6666666667,1200,1200,1,7.27595761418343e-12
2025-11-09,75757.9689944444,0,47104.5913504478,23322.3077777778,18891.0693,0,44039.7057166667,2491.14726666667,1200,1200,1,7.27595761418343e-12
2025-11-10,78299.1762609054,0,48874.66345537,23194.9464609053,18787.9066333333,0,43428.4548333333,1133.20483333333,1200,1200,1,0
2025-11-11,75842.9577778333,0,47327.7970972781,22793.08655,18462.4001055,0,43826.4552,2572.39258333333,1200,1200,1,4.30458284240012
2025-11-12,75389.5719462963,0,47109.2096197324,23227.872962963,18814.5771,0,43485.2153166666,2975.51076666667,1200,1200,1,7.27595761418343e-12
2025-11-13,77002.8249433333,0,47896.8053169193,23342.984,18907.81704,0,43913.1496833333,1471.08626666667,1200,1200,1,0
2025-11-14,34194.9149238683,0,17986.4980191,18071.5494238683,14637.9550333333,3180.6119,30292.1592333333,10666.6666666667,1200,1200,1,3.63797880709171e-12
2025-11-15,34581.0504510288,0,18023.6974012308,18515.81718107,14997.8119166667,2972.67993662552,30579.3843666667,10703.0255967078,1200,1200,1,0
2025-11-16,78808.944960288,0,49425.1652959818,23375.9591769547,18934.5269333333,0,42136.5500833333,1789.17576666667,1200,1200,1,0
2025-11-17,77176.056323251,0,48188.5350195509,23087.1771399177,18700.6134833333,0,42587.8635833333,1986.09273333333,1200,1200,1,7.27595761418343e-12
2025-11-18,79267.5220505,0,49423.3024432062,23190.62395,18784.4053995,0,42305.3612,587.773466666666,1200,1200,1,0.018168288974266
2025-11-19,79766.960219,0,50065.7114725738,23409.7734333333,18961.916481,0,41406.8077833333,1404.58196666667,1200,1200,1,7.27595761418343e-12
2025-11-20,79401.3201853334,0,49753.6999846883,23202.9341333333,18794.376648,0,42037.9760166667,1015.40518333333,1200,1200,1,4.48050306858931
2025-11-21,35191.8569084362,0,18371.4426879917,18713.2860082304,15157.7616666667,2743.98350020576,29686.9041833333,10703.9053497942,1200,1200,1,7.27595761418343e-12
2025-11-22,35548.4504506173,0,18611.4359581272,18938.1739506173,15339.9209,1914.76458333333,29745.0437166667,10670.27235,1200,1200,1,0
2025-11-23,79605.3786473251,0,50027.8829025394,23181.3545473251,18776.8971833333,0,40834.8400833334,1715.75583333333,1200,1200,1,0
2025-11-24,78624.5826238333,0,49191.8658063932,23406.5732833333,18959.3243595,0,42077.3506,1736.39351666667,1200,1200,1,2.18278728425503e-11
2025-11-25,80614.1646471666,0,50515.1049459249,23349.7676166667,18913.3117695,0,40679.9637,833.76805,1200,1200,1,7.27595761418343e-12
2025-11-26,81211.8099306585,0,50995.7404084362,23582.2528806584,19101.6248333333,0,40550.6705166667,378.099333333333,1200,1200,1,0
2025-11-27,80424.9368353662,0,50556.1296454657,23366.3900106996,18926.7759086667,0,40515.4035333333,901.845383333333,1200,1200,1,7.27595761418343e-12
2025-11-28,35754.756305144,0,18833.2196180446,19242.5695884774,15586.4813666667,1225.45786666667,29425.6582,10666.6666666667,1200,1200,1,0
2025-11-29,38454.2834786008,0,19882.8351524131,19323.7897119342,15652.2696666667,0,29010.7342833333,8216.0155,1200,1200,1,2.18278728425503e-11
2025-11-30,84862.9202226337,0,53543.4561203857,24382.5198559671,19749.8410833333,0,37753.2984,10.7079166666666,1200,1200,1,7.27595761418343e-12
2025-12-01,90980.5877333333,0,57973.4924904483,24833.3333333333,20115,0,38951.0366166667,41.4272833333333,1200,1200,1,2.91038304567337e-11
2025-12-02,93421.27995,0,59766.5499734917,24833.3333333333,20115,0,36762.81365,0,1200,1200,1,0
2025-12-03,91841.1568999999,0,58236.92058608,24833.3333333333,20115,0,37460.1825666667,0,1200,1200,1,0
2025-12-04,91635.3325076131,0,58499.558495652,24582.5987242798,19911.9049666667,0,38526.2928,38.7494,1200,1200,1,7.27595761418343e-12
2025-12-05,45318.9107024691,0,23458.5225023863,21373.1474691358,17312.24945,0,30528.1203166667,7028.32308333333,1200,1200,1,7.27595761418343e-12
2025-12-06,47598.2758166667,0,24640.7287966033,21333.3333333333,17280,0,30374.2821,5431.90823333333,1200,1200,1,3.27418092638254e-11
2025-12-07,92368.9745833334,0,58909.420391135,24833.3333333333,20115,0,37402.2090833333,12.5725833333334,1200,1200,1,0
2025-12-08,92570.9777833333,0,58957.71134572,24833.3333333333,20115,0,36563.1428166667,0,1200,1200,1,1.15470861020003
2025-12-09,92120.1976,0,59081.825449005,24833.3333333333,20115,0,37299.1212,7.10561666666672,1200,1200,1,1.25020973646315
2025-12-10,93051.9001333333,0,59160.13256234,24833.3333333333,20115,0,35991.14605,0,1200,1200,1,0.349794559988368
2025-12-11,90843.9276977366,0,57733.9560767692,24575.07718107,19905.8125166667,0,37826.5442666667,0,1200,1200,1,0
2025-12-12,47725.4134833333,0,24630.5626567283,21333.3333333333,17280,0,30398.3909166667,4548.89928333333,1200,1200,1,2.18278728425503e-11
2025-12-13,47717.8448977366,0,24639.4151420178,21367.19218107,17307.4256666667,0,30269.1267,4772.49746666667,1200,1200,1,0
2025-12-14,93475.8434666667,0,59733.597345305,24833.3333333333,20115,0,35743.86405,0,1200,1200,1,0.295217788312584
2025-12-15,94234.9446333333,0,60099.7790962283,24833.3333333333,20115,0,34835.6675166667,0,1200,1200,1,7.27595761418343e-12
2025-12-16,94096.393,0,60122.100653125,24833.3333333333,20115,0,35228.85205,0,1200,1200,1,0
2025-12-17,92948.5137333333,0,59118.8196028833,24833.3333333333,20115,0,36274.7075833333,0,1200,1200,1,1.45519152283669e-11
2025-12-18,92241.1636333333,0,59006.8627127317,24833.3333333333,20115,0,36862.9085666667,86.1837333333331,1200,1200,1,0
2025-12-19,46943.516917284,0,24461.3452787246,21343.1172839506,17287.925,0,29761.6953,5923.23883333333,1200,1200,1,1.81898940354586e-11
2025-12-20,46783.4675919753,0,24294.219565427,21376.5719753086,17315.0233,0,29491.4651666667,6320.7027,1200,1200,1,0
2025-12-21,93740.9268666666,0,59797.992382615,24833.3333333333,20115,0,35338.6591,0,1200,1200,1,0
2025-12-22,93641.8254166666,0,59871.4163414884,24833.3333333333,20115,0,35781.0267333333,0,1200,1200,1,0.552900089845934
2025-12-23,91971.1825333333,0,58529.68958647,24833.3333333333,20115,0,36698.5620333333,0,1200,1200,1,0.156792581365153
2025-12-24,92573.9309833333,0,59295.7513042717,24833.3333333333,20115,0,36099.8119666667,0,1200,1200,1,0.685494839148305
2025-12-25,92732.8402,0,59062.4970059033,24833.3333333333,20115,0,35977.4093666667,0,1200,1200,1,3.63797880709171e-11
2025-12-26,47059.5311790124,0,24377.5030429331,21474.572345679,17394.4036,0,29554.9166,5707.76861666667,1200,1200,1,0
2025-12-27,47250.8407333333,0,24477.5748254083,21333.3333333333,17280,0,30092.3280333333,4978.04683333333,1200,1200,1,0
2025-12-28,91428.6087845679,0,58226.2350854822,24365.6879012346,19736.2072,0,36702.015,0,1200,1200,1,0
2025-12-29,92200.2629333334,0,58508.56691863,24833.3333333333,20115,0,36153.5401166667,0,1200,1200,1,5.82076609134674e-11
2025-12-30,90832.1809333333,0,57881.894346185,24000,19440,0,37283.1193666667,18.9870833333331,1200,1200,1,1.00154854704306
2025-12-31,93272.3212666666,0,59646.656436885,24833.3333333333,20115,0,35145.28215,0,1200,1200,1,0
