Q,c_plan,c_adj,c_all,Q_plan,p_bar
0,0,38.31,38.31,100,0.7662
2,1.5324,37.5438,39.0762,100,0.7662
4,3.0648,36.7776,39.8424,100,0.7662
6,4.5972,36.0114,40.6086,100,0.7662
8,6.1296,35.2452,41.3748,100,0.7662
10,7.662,34.479,42.141,100,0.7662
12,9.1944,33.7128,42.9072,100,0.7662
14,10.7268,32.9466,43.6734,100,0.7662
16,12.2592,32.1804,44.4396,100,0.7662
18,13.7916,31.4142,45.2058,100,0.7662
20,15.324,30.648,45.972,100,0.7662
22,16.8564,29.8818,46.7382,100,0.7662
24,18.3888,29.1156,47.5044,100,0.7662
26,19.9212,28.3494,48.2706,100,0.7662
28,21.4536,27.5832,49.0368,100,0.7662
30,22.986,26.817,49.803,100,0.7662
32,24.5184,26.0508,50.5692,100,0.7662
34,26.0508,25.2846,51.3354,100,0.7662
36,27.5832,24.5184,52.1016,100,0.7662
38,29.1156,23.7522,52.8678,100,0.7662
40,30.648,22.986,53.634,100,0.7662
42,32.1804,22.2198,54.4002,100,0.7662
44,33.7128,21.4536,55.1664,100,0.7662
46,35.2452,20.6874,55.9326,100,0.7662
48,36.7776,19.9212,56.6988,100,0.7662
50,38.31,19.155,57.465,100,0.7662
52,39.8424,18.3888,58.2312,100,0.7662
54,41.3748,17.6226,58.9974,100,0.7662
56,42.9072,16.8564,59.7636,100,0.7662
58,44.4396,16.0902,60.5298,100,0.7662
60,45.972,15.324,61.296,100,0.7662
62,47.5044,14.5578,62.0622,100,0.7662
64,49.0368,13.7916,62.8284,100,0.7662
66,50.5692,13.0254,63.5946,100,0.7662
68,52.1016,12.2592,64.3608,100,0.7662
70,53.634,11.493,65.127,100,0.7662
72,55.1664,10.7268,65.8932,100,0.7662
74,56.6988,9.9606,66.6594,100,0.7662
76,58.2312,9.1944,67.4256,100,0.7662
78,59.7636,8.4282,68.1918,100,0.7662
80,61.296,7.662,68.958,100,0.7662
82,62.8284,6.8958,69.7242,100,0.7662
84,64.3608,6.1296,70.4904,100,0.7662
86,65.8932,5.3634,71.2566,100,0.7662
88,67.4256,4.5972,72.0228,100,0.7662
90,68.958,3.831,72.789,100,0.7662
92,70.4904,3.0648,73.5552,100,0.7662
94,72.0228,2.2986,74.3214,100,0.7662
96,73.5552,1.5324,75.0876,100,0.7662
98,75.0876,0.7662,75.8538,100,0.7662
100,76.62,0,76.62,100,0.7662
102,76.62,2.2986,78.9186,100,0.7662
104,76.62,4.5972,81.2172,100,0.7662
106,76.62,6.8958,83.5158,100,0.7662
108,76.62,9.1944,85.8144,100,0.7662
110,76.62,11.493,88.113,100,0.7662
112,76.62,13.7916,90.4116,100,0.7662
114,76.62,16.0902,92.7102,100,0.7662
116,76.62,18.3888,95.0088,100,0.7662
118,76.62,20.6874,97.3074,100,0.7662
120,76.62,22.986,99.606,100,0.7662
122,76.62,25.2846,101.9046,100,0.7662
124,76.62,27.5832,104.2032,100,0.7662
126,76.62,29.8818,106.5018,100,0.7662
128,76.62,32.1804,108.8004,100,0.7662
130,76.62,34.479,111.099,100,0.7662
132,76.62,36.7776,113.3976,100,0.7662
134,76.62,39.0762,115.6962,100,0.7662
136,76.62,41.3748,117.9948,100,0.7662
138,76.62,43.6734,120.2934,100,0.7662
140,76.62,45.972,122.592,100,0.7662
142,76.62,48.2706,124.8906,100,0.7662
144,76.62,50.5692,127.1892,100,0.7662
146,76.62,52.8678,129.4878,100,0.7662
148,76.62,55.1664,131.7864,100,0.7662
150,76.62,57.465,134.085,100,0.7662
152,76.62,59.7636,136.3836,100,0.7662
154,76.62,62.0622,138.6822,100,0.7662
156,76.62,64.3608,140.9808,100,0.7662
158,76.62,66.6594,143.2794,100,0.7662
160,76.62,68.958,145.578,100,0.7662
162,76.62,71.2566,147.8766,100,0.7662
164,76.62,73.5552,150.1752,100,0.7662
166,76.62,75.8538,152.4738,100,0.7662
168,76.62,78.1524,154.7724,100,0.7662
170,76.62,80.451,157.071,100,0.7662
172,76.62,82.7496,159.3696,100,0.7662
174,76.62,85.0482,161.6682,100,0.7662
176,76.62,87.3468,163.9668,100,0.7662
178,76.62,89.6454,166.2654,100,0.7662
180,76.62,91.944,168.564,100,0.7662
182,76.62,94.2426,170.8626,100,0.7662
184,76.62,96.5412,173.1612,100,0.7662
186,76.62,98.8398,175.4598,100,0.7662
188,76.62,101.1384,177.7584,100,0.7662
190,76.62,103.437,180.057,100,0.7662
192,76.62,105.7356,182.3556,100,0.7662
194,76.62,108.0342,184.6542,100,0.7662
196,76.62,110.3328,186.9528,100,0.7662
198,76.62,112.6314,189.2514,100,0.7662
200,76.62,114.93,191.55,100,0.7662
202,76.62,117.2286,193.8486,100,0.7662
204,76.62,119.5272,196.1472,100,0.7662
206,76.62,121.8258,198.4458,100,0.7662
208,76.62,124.1244,200.7444,100,0.7662
210,76.62,126.423,203.043,100,0.7662
212,76.62,128.7216,205.3416,100,0.7662
214,76.62,131.0202,207.6402,100,0.7662
216,76.62,133.3188,209.9388,100,0.7662
218,76.62,135.6174,212.2374,100,0.7662
220,76.62,137.916,214.536,100,0.7662
222,76.62,140.2146,216.8346,100,0.7662
224,76.62,142.5132,219.1332,100,0.7662
226,76.62,144.8118,221.4318,100,0.7662
228,76.62,147.1104,223.7304,100,0.7662
230,76.62,149.409,226.029,100,0.7662
232,76.62,151.7076,228.3276,100,0.7662
234,76.62,154.0062,230.6262,100,0.7662
236,76.62,156.3048,232.9248,100,0.7662
238,76.62,158.6034,235.2234,100,0.7662
240,76.62,160.902,237.522,100,0.7662
242,76.62,163.2006,239.8206,100,0.7662
244,76.62,165.4992,242.1192,100,0.7662
246,76.62,167.7978,244.4178,100,0.7662
248,76.62,170.0964,246.7164,100,0.7662
250,76.62,172.395,249.015,100,0.7662
