slot,period,price,buy_kwh,g_load_kwh,g_chg_kwh,pv_load_kwh,pv_chg_kwh,chg_kwh,dis_kwh,curt_kwh,E_kwh
1,00:00-00:10,0.4276,907.454316666667,574.120983333333,333.333333333333,0,0,333.333333333333,0,0,6300
2,00:10-00:20,0.4248,1406.6411,573.307766666667,833.333333333333,0,0,833.333333333333,0,0,7050
3,00:20-00:30,0.4245,1406.32986666667,572.996533333333,833.333333333333,0,0,833.333333333333,0,0,7800
4,00:30-00:40,0.4269,1407.38385,574.050516666667,833.333333333333,0,0,833.333333333333,0,0,8550
5,00:40-00:50,0.4272,1409.07395,575.740616666667,833.333333333333,0,0,833.333333333333,0,0,9300
6,00:50-01:00,0.4271,1409.80455,576.471216666667,833.333333333333,0,0,833.333333333333,0,0,10050
7,01:00-01:10,0.4285,576.640016666667,576.640016666667,0,0,0,0,0,0,10050
8,01:10-01:20,0.4311,577.8597,577.8597,0,0,0,0,0,0,10050
9,01:20-01:30,0.4302,577.993866666667,577.993866666667,0,0,0,0,0,0,10050
10,01:30-01:40,0.4279,577.82805,577.82805,0,0,0,0,0,0,10050
11,01:40-01:50,0.4312,580.41545,580.41545,0,0,0,0,0,0,10050
12,01:50-02:00,0.4333,582.514016666667,582.514016666667,0,0,0,0,0,0,10050
13,02:00-02:10,0.4311,583.07405,583.07405,0,0,0,0,0,0,10050
14,02:10-02:20,0.4293,584.204916666667,584.204916666667,0,0,0,0,0,0,10050
15,02:20-02:30,0.4324,585.439783333333,585.439783333333,0,0,0,0,0,0,10050
16,02:30-02:40,0.4367,586.14475,586.14475,0,0,0,0,0,0,10050
17,02:40-02:50,0.4348,586.320766666667,586.320766666667,0,0,0,0,0,0,10050
18,02:50-03:00,0.4335,586.4253,586.4253,0,0,0,0,0,0,10050
19,03:00-03:10,0.4357,586.8496,586.8496,0,0,0,0,0,0,10050
20,03:10-03:20,0.4374,587.821016666667,587.821016666667,0,0,0,0,0,0,10050
21,03:20-03:30,0.4371,589.547566666667,589.547566666667,0,0,0,0,0,0,10050
22,03:30-03:40,0.4356,590.813466666667,590.813466666667,0,0,0,0,0,0,10050
23,03:40-03:50,0.4353,590.213116666667,590.213116666667,0,0,0,0,0,0,10050
24,03:50-04:00,0.436,591.066266666667,591.066266666667,0,0,0,0,0,0,10050
25,04:00-04:10,0.4378,593.367833333333,593.367833333333,0,0,0,0,0,0,10050
26,04:10-04:20,0.4401,593.659683333333,593.659683333333,0,0,0,0,0,0,10050
27,04:20-04:30,0.4389,592.786383333333,592.786383333333,0,0,0,0,0,0,10050
28,04:30-04:40,0.4364,593.337866666667,593.337866666667,0,0,0,0,0,0,10050
29,04:40-04:50,0.4393,596.675766666667,596.675766666667,0,0.0999,0,0,0,0,10050
30,04:50-05:00,0.4422,597.78025,597.78025,0,0.0390833333333333,0,0,0,0,10050
31,05:00-05:10,0.4395,595.1625,595.1625,0,0.0480833333333333,0,0,0,0,10050
32,05:10-05:20,0.4333,590.6065,590.6065,0,3.11301666666667,0,0,0,0,10050
33,05:20-05:30,0.4439,589.485183333333,589.485183333333,0,9.0783,0,0,0,0,10050
34,05:30-05:40,0.4301,578.45545,578.45545,0,18.1619666666667,0,0,0,0,10050
35,05:40-05:50,0.3713,1383.65978333333,550.32645,833.333333333333,30.6933833333333,0,833.333333333333,0,0,10800
36,05:50-06:00,0.5708,591.1402,591.1402,0,46.1763666666667,0,0,0,0,10800
37,06:00-06:10,0.9099,0,0,0,64.7582333333333,0,0,668.253883333333,0,10057.4956851852
38,06:10-06:20,0.9368,0,0,0,86.88005,0,0,655.455333333333,0,9329.21198148148
39,06:20-06:30,0.8758,0,0,0,112.12795,0,0,616.504033333333,0,8644.2075
40,06:30-06:40,0.8759,0,0,0,140.70435,0,0,591.454483333333,0,7987.03585185185
41,06:40-06:50,0.8601,0,0,0,173.279066666667,0,0,557.486866666667,0,7367.606
42,06:50-07:00,0.8442,0,0,0,209.889583333333,0,0,529.2397,0,6779.56188888889
43,07:00-07:10,0.8334,0,0,0,251.438633333333,0,0,502.470716666667,0,6221.26109259259
44,07:10-07:20,0.8092,0,0,0,298.56845,0,0,455.443566666667,0,5715.21268518519
45,07:20-07:30,0.7972,0,0,0,347.581083333333,0,0,410.0667,0,5259.58301851852
46,07:30-07:40,0.7644,0,0,0,396.87685,0,0,356.996783333333,0,4862.91992592593
47,07:40-07:50,0.6899,0,0,0,447.195866666667,0,0,283.363566666667,0,4548.07151851852
48,07:50-08:00,0.86,0,0,0,497.725866666667,0,0,320.684116666667,0,4191.75583333333
49,08:00-08:10,1.1617,0,0,0,548.200666666667,0,0,418.42145,0,3726.84311111111
50,08:10-08:20,1.1683,0,0,0,598.89355,0,0,381.910783333333,0,3302.4977962963
51,08:20-08:30,1.0956,0,0,0,648.455533333333,0,0,309.55635,0,2958.5462962963
52,08:30-08:40,1.0849,0,0,0,696.890283333333,0,0,264.6194,0,2664.52474074074
53,08:40-08:50,1.061,0,0,0,745.294283333333,0,0,213.7408,0,2427.03496296296
54,08:50-09:00,1.043,0,0,0,792.137866666667,0,0,178.558916666667,0,2228.63616666667
55,09:00-09:10,1.036,0,0,0,836.984566666667,0,0,155.392116666667,0,2055.97825925926
56,09:10-09:20,1.0147,0,0,0,880.9021,0,0,112.2595,0,1931.24548148148
57,09:20-09:30,0.9922,0,0,0,923.862366666667,0,0,64.3968666666666,0,1859.69340740741
58,09:30-09:40,0.97,0,0,0,964.734883333333,0,0,22.5622499999999,0,1834.62424074074
59,09:40-09:50,0.9422,0,0,0,984.597666666667,17.4240666666666,17.4240666666666,0,0,1850.30590074074
60,09:50-10:00,0.9569,0,0,0,983.1877,52.8377666666667,52.8377666666667,0,0,1897.85989074074
61,10:00-10:10,0.9977,0,0,0,983.703266666667,84.5624166666666,84.5624166666666,0,0,1973.96606574074
62,10:10-10:20,0.9919,0,0,0,982.913216666667,116.983583333333,116.983583333333,0,0,2079.25129074074
63,10:20-10:30,0.9588,0,0,0,981.126133333333,146.6606,146.6606,0,0,2211.24583074074
64,10:30-10:40,0.9549,0,0,0,978.9118,173.52025,173.52025,0,0,2367.41405574074
65,10:40-10:50,0.9839,0,0,0,976.338466666667,201.029083333333,201.029083333333,0,0,2548.34023074074
66,10:50-11:00,0.799,0,0,0,974.1658,225.406116666667,225.406116666667,0,0,2751.20573574074
67,11:00-11:10,0.5025,0,0,0,973.17645,244.00925,244.00925,0,0,2970.81406074074
68,11:10-11:20,0.4662,575.170916666667,0,575.170916666667,973.118383333333,258.162416666667,833.333333333333,0,0,3720.81406074074
69,11:20-11:30,0.5007,0,0,0,970.572966666667,272.631533333333,272.631533333333,0,0,3966.18244074074
70,11:30-11:40,0.4827,0,0,0,969.1322,284.320983333333,284.320983333333,0,0,4222.07132574074
71,11:40-11:50,0.4785,179.277171399178,0,179.277171399178,972.06585,289.301466666667,468.578638065845,0,0,4643.7921
72,11:50-12:00,0.4662,520.124516666667,0,520.124516666667,952.150166666667,313.208816666667,833.333333333333,0,0,5393.7921
73,12:00-12:10,0.4432,486.4029,0,486.4029,919.910116666667,346.930433333333,833.333333333333,0,0,6143.7921
74,12:10-12:20,0.4411,480.41245,0,480.41245,915.79845,352.920883333333,833.333333333333,0,0,6893.7921
75,12:20-12:30,0.4551,485.3,0,485.3,919.0754,348.033333333333,833.333333333333,0,0,7643.7921
76,12:30-12:40,0.4463,488.606966666667,0,488.606966666667,914.304833333333,344.726366666667,833.333333333333,0,0,8393.7921
77,12:40-12:50,0.4113,498.270733333333,0,498.270733333333,910.3938,335.0626,833.333333333333,0,0,9143.7921
78,12:50-13:00,0.5682,0,0,0,927.684433333333,304.551766666667,304.551766666667,0,0,9417.88869
79,13:00-13:10,0.8279,0,0,0,954.292466666667,264.507183333333,264.507183333333,0,0,9655.945155
80,13:10-13:20,0.8636,0,0,0,956.582616666667,242.50755,242.50755,0,0,9874.20195
81,13:20-13:30,0.8416,0,0,0,952.447266666667,223.075583333333,223.075583333333,0,0,10074.969975
82,13:30-13:40,0.8618,0,0,0,952.975083333333,198.759316666667,198.759316666667,0,0,10253.85336
83,13:40-13:50,0.8623,0,0,0,951.374766666667,177.359816666667,177.359816666667,0,0,10413.477195
84,13:50-14:00,0.9026,0,0,0,949.486366666667,151.7403,151.7403,0,0,10550.043465
85,14:00-14:10,0.9754,0,0,0,948.716383333333,120.035033333333,120.035033333333,0,0,10658.074995
86,14:10-14:20,1.0002,0,0,0,947.85485,87.81445,87.81445,0,0,10737.108
87,14:20-14:30,0.9978,0,0,0,946.493666666667,53.6248666666665,53.6248666666665,0,0,10785.37038
88,14:30-14:40,1.0271,0,0,0,944.908466666667,16.2551333333334,16.2551333333334,0,0,10800
89,14:40-14:50,1.0906,0,0,0,920.2511,0,0,23.7813666666667,0,10773.5762592593
90,14:50-15:00,0.9376,0,0,0,878.130166666667,0,0,67.3200166666667,0,10698.7762407407
91,15:00-15:10,0.6694,112.089866666667,112.089866666667,0,834.952533333333,0,0,0,0,10698.7762407407
92,15:10-15:20,0.66,266.732693621399,154.26185,112.470843621399,790.574733333333,0,112.470843621399,0,0,10800
93,15:20-15:30,0.7217,197.523516666667,197.523516666667,0,745.204,0,0,0,0,10800
94,15:30-15:40,0.7308,244.814033333333,244.814033333333,0,698.03375,0,0,0,0,10800
95,15:40-15:50,0.7534,295.534616666667,295.534616666667,0,648.232183333333,0,0,0,0,10800
96,15:50-16:00,0.7823,345.7775,345.7775,0,599.0991,0,0,0,0,10800
97,16:00-16:10,0.8055,394.931483333333,394.931483333333,0,550.647966666667,0,0,0,0,10800
98,16:10-16:20,0.8271,445.43165,445.43165,0,499.73745,0,0,0,0,10800
99,16:20-16:30,0.8519,495.696583333333,495.696583333333,0,447.902183333333,0,0,0,0,10800
100,16:30-16:40,0.8791,547.11905,547.11905,0,397.196316666667,0,0,0,0,10800
101,16:40-16:50,0.9024,599.985433333333,599.985433333333,0,348.187433333333,0,0,0,0,10800
102,16:50-17:00,0.9163,635.42975,635.42975,0,298.513816666667,0,0,0,0,10800
103,17:00-17:10,0.9264,660.830683333333,660.830683333333,0,250.28805,0,0,0,0,10800
104,17:10-17:20,0.9462,702.036933333333,702.036933333333,0,209.195383333333,0,0,0,0,10800
105,17:20-17:30,0.9742,738.065783333333,738.065783333333,0,172.72205,0,0,0,0,10800
106,17:30-17:40,0.9862,775.944716666667,775.944716666667,0,139.462916666667,0,0,0,0,10800
107,17:40-17:50,0.976,826.08325,826.08325,0,110.871883333333,0,0,0,0,10800
108,17:50-18:00,1.0742,762.4228,762.4228,0,86.1126333333333,0,0,0,0,10800
109,18:00-18:10,1.2313,636.982616666667,636.982616666667,0,64.4455166666667,0,0,0,0,10800
110,18:10-18:20,1.2561,531.89405,531.89405,0,45.96555,0,0,109.26725,0,10678.5919444444
111,18:20-18:30,1.2447,678.830533333333,678.830533333333,0,30.4921,0,0,0,0,10678.5919444444
112,18:30-18:40,1.2545,686.2685,686.2685,0,18.0569,0,0,0,0,10678.5919444444
113,18:40-18:50,1.2522,696.504383333333,696.504383333333,0,9.05201666666667,0,0,0,0,10678.5919444444
114,18:50-19:00,1.2881,0,0,0,3.10948333333333,0,0,704.634266666667,0,9895.66498148148
115,19:00-19:10,1.3466,0,0,0,0.0458833333333333,0,0,706.484033333333,0,9110.68272222222
116,19:10-19:20,1.3523,0,0,0,0.0382666666666667,0,0,707.406466666667,0,8324.67553703704
117,19:20-19:30,1.3445,0,0,0,0.100116666666667,0,0,708.553,0,7537.39442592593
118,19:30-19:40,1.3483,0,0,0,0,0,0,709.446883333333,0,6749.12011111111
119,19:40-19:50,1.349,0,0,0,0,0,0,711.23245,0,5958.86183333333
120,19:50-20:00,1.3473,0,0,0,0,0,0,711.6625,0,5168.12572222222
121,20:00-20:10,1.3482,0,0,0,0,0,0,711.445033333333,0,4377.63124074074
122,20:10-20:20,1.3513,0,0,0,0,0,0,713.704083333333,0,3584.6267037037
123,20:20-20:30,1.34,0,0,0,0,0,0,715.28415,0,2789.86653703704
124,20:30-20:40,1.3489,0,0,0,0,0,0,715.22685,0,1995.17003703704
125,20:40-20:50,1.3952,0,0,0,0,0,0,715.653033333333,0,1200
126,20:50-21:00,1.2226,715.868916666667,715.868916666667,0,0,0,0,0,0,1200
127,21:00-21:10,0.9332,717.005116666667,717.005116666667,0,0,0,0,0,0,1200
128,21:10-21:20,0.9068,720.1603,720.1603,0,0,0,0,0,0,1200
129,21:20-21:30,0.9371,717.054866666667,717.054866666667,0,0,0,0,0,0,1200
130,21:30-21:40,0.9371,720.445966666667,720.445966666667,0,0,0,0,0,0,1200
131,21:40-21:50,0.9871,738.134716666667,738.134716666667,0,0,0,0,0,0,1200
132,21:50-22:00,0.7764,671.693566666667,671.693566666667,0,0,0,0,0,0,1200
133,22:00-22:10,0.4209,1393.79031666667,560.456983333333,833.333333333333,0,0,833.333333333333,0,0,1950
134,22:10-22:20,0.3859,1384.8989,551.565566666667,833.333333333333,0,0,833.333333333333,0,0,2700
135,22:20-22:30,0.4368,568.82605,568.82605,0,0,0,0,0,0,2700
136,22:30-22:40,0.4198,1396.98855,563.655216666667,833.333333333333,0,0,833.333333333333,0,0,3450
137,22:40-22:50,0.4186,1397.75986666667,564.426533333333,833.333333333333,0,0,833.333333333333,0,0,4200
138,22:50-23:00,0.4241,566.747433333333,566.747433333333,0,0,0,0,0,0,4200
139,23:00-23:10,0.4237,1399.87376666667,566.540433333333,833.333333333333,0,0,833.333333333333,0,0,4950
140,23:10-23:20,0.4248,567.83015,567.83015,0,0,0,0,0,0,4950
141,23:20-23:30,0.424,902.691966666667,569.358633333333,333.333333333333,0,0,333.333333333333,0,0,5250
142,23:30-23:40,0.422,1403.66351666667,570.330183333333,833.333333333333,0,0,833.333333333333,0,0,6000
143,23:40-23:50,0.424,571.615383333333,571.615383333333,0,0,0,0,0,0,6000
144,23:50-24:00,0.4271,573.176833333333,573.176833333333,0,0,0,0,0,0,6000
