date,Z_milp,Z_lp,gap
2025-02-01,19642.0454639413,19642.0454639413,-3.63797880709171e-12
2025-02-02,51758.8582211912,51758.8582211912,1.45519152283669e-11
2025-02-03,53066.6595218982,53066.6595218982,0
2025-02-04,54013.3766356452,54013.3766356452,7.27595761418343e-12
2025-02-05,53368.7690337748,53368.7690337748,-7.27595761418343e-12
2025-02-06,53107.2109757451,53107.1814574909,0.0295182541958638
2025-02-07,19220.1294157694,19220.1294157694,0
2025-02-08,18593.7555233354,18593.7555233354,-3.63797880709171e-12
2025-02-09,52407.2597776519,52407.2597776519,-1.45519152283669e-11
2025-02-10,48693.671710606,48693.671710606,-1.45519152283669e-11
2025-02-11,49567.4152058051,49567.4152058051,-7.27595761418343e-12
2025-02-12,49685.9993497249,49685.999349725,-7.27595761418343e-12
2025-02-13,46687.8729177909,46687.8729177909,1.45519152283669e-11
2025-02-14,18284.5203415169,18284.5203415168,3.63797880709171e-12
2025-02-15,18255.2101584564,18255.2101584564,3.63797880709171e-12
2025-02-16,49375.1958903812,49375.1958903812,-1.45519152283669e-11
2025-02-17,46296.9827700917,46296.9827700917,7.27595761418343e-12
2025-02-18,47019.8536000105,47019.8536000105,1.45519152283669e-11
2025-02-19,47835.6024919644,47835.6024919644,-7.27595761418343e-12
2025-02-20,46325.0174184575,46325.0174184575,1.45519152283669e-11
2025-02-21,17363.3593214761,17363.3593214762,-3.63797880709171e-12
2025-02-22,17505.3297877283,17505.215251591,0.114536137287359
2025-02-23,46517.2809895769,46517.2809895768,1.45519152283669e-11
2025-02-24,44385.3120386478,44385.3120386478,7.27595761418343e-12
2025-02-25,42927.4366224883,42927.4366224883,0
2025-02-26,44615.1561180109,44615.1561180109,7.27595761418343e-12
2025-02-27,44187.9236815576,44187.9236815576,7.27595761418343e-12
2025-02-28,16777.0291981533,16777.0291981533,3.63797880709171e-12
2025-03-01,16307.411912076,16307.411912076,0
2025-03-02,47260.9274792478,47260.9274792478,-3.63797880709171e-11
2025-03-03,47136.0741240694,47136.0741240694,7.27595761418343e-12
2025-03-04,44805.6936329657,44805.6936329657,-7.27595761418343e-12
2025-03-05,42815.5220725761,42815.5220725762,-2.91038304567337e-11
2025-03-06,42773.8860686354,42773.8860686353,2.91038304567337e-11
2025-03-07,15574.1249525757,15574.1249525757,3.63797880709171e-12
2025-03-08,15603.6638914725,15603.6638914725,0
2025-03-09,40997.0263065281,40997.0263065281,7.27595761418343e-12
2025-03-10,43645.2768378642,43645.2768378642,-1.45519152283669e-11
2025-03-11,41250.134419867,41250.134419867,0
2025-03-12,40357.6362364733,40357.6362364733,1.45519152283669e-11
2025-03-13,43539.9242873217,43536.8503588499,3.07392847175652
2025-03-14,15092.117250997,15092.117250997,0
2025-03-15,15381.8002096746,15381.8002096746,-1.81898940354586e-12
2025-03-16,40671.505820463,40671.5058204629,2.18278728425503e-11
2025-03-17,37330.334652195,37330.334652195,7.27595761418343e-12
2025-03-18,39373.0152292619,39373.0152292619,7.27595761418343e-12
2025-03-19,38386.1567171223,38386.1567171223,0
2025-03-20,40128.5493267495,40128.5493267495,2.18278728425503e-11
2025-03-21,14603.2671514133,14603.2671514133,3.63797880709171e-12
2025-03-22,14394.6534433202,14394.6534433202,1.81898940354586e-12
2025-03-23,37692.747248225,37692.747248225,-1.45519152283669e-11
2025-03-24,37398.1419512614,37398.1419512614,7.27595761418343e-12
2025-03-25,39145.3801595173,39145.3801595174,-1.45519152283669e-11
2025-03-26,35928.31292077,35928.31292077,7.27595761418343e-12
2025-03-27,37708.984605138,37708.984605138,-7.27595761418343e-12
2025-03-28,14055.0074113404,14055.0074113404,-1.81898940354586e-12
2025-03-29,14206.6085090433,14206.1242976115,0.484211431854419
2025-03-30,35474.6849647885,35474.6849647885,0
2025-03-31,36338.0076494007,36338.0076494007,-7.27595761418343e-12
2025-04-01,37922.4128025444,37922.4128025444,7.27595761418343e-12
2025-04-02,38320.2637245283,38320.2637245283,0
2025-04-03,36063.1276305336,36063.1276305336,0
2025-04-04,13314.8942424897,13314.8942424897,3.63797880709171e-12
2025-04-05,13596.8617300049,13596.8617300049,3.63797880709171e-12
2025-04-06,34785.6857585883,34785.6857585883,7.27595761418343e-12
2025-04-07,33847.6572397723,33847.6572397723,-1.45519152283669e-11
2025-04-08,35199.57217627,35199.57217627,2.18278728425503e-11
2025-04-09,37231.8198427732,37231.8198427732,1.45519152283669e-11
2025-04-10,35101.5705649033,35098.0861942416,3.48437066172482
2025-04-11,13116.7280422829,13116.7280422829,1.81898940354586e-12
2025-04-12,12770.4680828434,12770.4680828434,1.81898940354586e-12
2025-04-13,34550.2049501789,34550.204950179,-1.45519152283669e-11
2025-04-14,33188.8519669687,33188.8519669687,0
2025-04-15,32454.3690029168,32453.7525639875,0.616438929384458
2025-04-16,34984.5589418924,34984.5589418924,7.27595761418343e-12
2025-04-17,33897.1440447997,33897.1440447997,-2.18278728425503e-11
2025-04-18,12261.5022503356,12261.5022503356,1.81898940354586e-12
2025-04-19,12135.2963930094,12135.2963930094,0
2025-04-20,32915.0951352947,32915.0951352947,7.27595761418343e-12
2025-04-21,31149.7628448941,31149.7628448941,3.63797880709171e-12
2025-04-22,32822.382302459,32822.382302459,0
2025-04-23,32301.4510698101,32301.4510698101,3.63797880709171e-12
2025-04-24,30690.5217280617,30688.5241321505,1.99759591111797
2025-04-25,11775.2591648485,11775.2591648485,-7.27595761418343e-12
2025-04-26,12057.7701556781,12057.7701556781,1.81898940354586e-12
2025-04-27,31628.137376963,31628.137376963,0
2025-04-28,35166.7559063288,35166.7559063288,1.45519152283669e-11
2025-04-29,31007.7189917873,31007.7189917874,-7.27595761418343e-12
2025-04-30,30525.5763399035,30525.5763399035,3.63797880709171e-12
2025-05-01,34288.3870369483,34288.3870369483,0
2025-05-02,14826.9170970914,14826.9170970914,-5.45696821063757e-12
2025-05-03,14154.3976029978,14154.3976029978,-1.81898940354586e-12
2025-05-04,33682.3024419635,33682.3024419635,7.27595761418343e-12
2025-05-05,35504.5947134278,35504.5947134278,-1.45519152283669e-11
2025-05-06,34327.1673123224,34327.1673123224,7.27595761418343e-12
2025-05-07,35911.5034692164,35911.1206168233,0.382852393086068
2025-05-08,35801.5192353047,35801.5192353047,-7.27595761418343e-12
2025-05-09,13956.2471477762,13956.2471477762,1.81898940354586e-12
2025-05-10,13818.945444015,13818.4140416612,0.531402353824888
2025-05-11,35559.7273723108,35559.7273723107,7.27595761418343e-12
2025-05-12,33661.8511752557,33661.8511752557,7.27595761418343e-12
2025-05-13,34107.1893920015,34107.1893920015,1.45519152283669e-11
2025-05-14,33991.394490366,33991.394490366,7.27595761418343e-12
2025-05-15,34150.638069409,34150.638069409,-7.27595761418343e-12
2025-05-16,13076.8333958011,13076.8333958011,0
2025-05-17,13837.226211647,13837.226211647,5.45696821063757e-12
2025-05-18,33903.4233398329,33903.4233398329,-7.27595761418343e-12
2025-05-19,31531.8864154752,31531.8864154752,0
2025-05-20,34746.9457883387,34746.9457883387,1.45519152283669e-11
2025-05-21,33457.873335758,33457.873335758,7.27595761418343e-12
2025-05-22,33045.6201076048,33045.6201076048,-7.27595761418343e-12
2025-05-23,13051.0670177298,13051.0670177298,0
2025-05-24,12802.5269330735,12802.5269330735,-1.81898940354586e-12
2025-05-25,31817.297905849,31816.7182346006,0.579671248357045
2025-05-26,34602.2546389691,34602.2546389691,-1.45519152283669e-11
2025-05-27,31968.4787268185,31968.4787268185,-7.27595761418343e-12
2025-05-28,33376.8293358234,33376.8293358234,1.45519152283669e-11
2025-05-29,34840.2401729463,34840.2401729463,0
2025-05-30,13254.7252103641,13254.7252103641,0
2025-05-31,12841.9769153711,12841.9769153711,-3.63797880709171e-12
2025-06-01,45891.4287424347,45889.4397748706,1.9889675641025
2025-06-02,45053.0672732424,45053.0672732424,1.45519152283669e-11
2025-06-03,44364.9771838701,44364.9771838701,0
2025-06-04,44802.8048486682,44802.8048486681,2.18278728425503e-11
2025-06-05,46244.2031174437,46244.2031174436,2.18278728425503e-11
2025-06-06,20335.3079036943,20335.3079036943,0
2025-06-07,19173.0179257957,19173.0179257957,-7.27595761418343e-12
2025-06-08,42464.1268459321,42464.1268459321,-7.27595761418343e-12
2025-06-09,46396.1613254576,46396.1613254576,0
2025-06-10,46471.0028746716,46471.0028746715,7.27595761418343e-12
2025-06-11,50269.0028349636,50269.0028349636,1.45519152283669e-11
2025-06-12,47517.0397833595,47517.0397833595,0
2025-06-13,19111.4749217108,19111.4749217108,3.63797880709171e-12
2025-06-14,18941.1266037444,18941.1266037444,-3.63797880709171e-12
2025-06-15,45711.408809365,45711.408809365,7.27595761418343e-12
2025-06-16,47559.074101688,47558.701034955,0.37306673299463
2025-06-17,48905.7312711817,48905.6925618353,0.0387093463141355
2025-06-18,45938.9523982656,45938.9523982656,-1.45519152283669e-11
2025-06-19,44570.983779088,44570.983779088,-2.18278728425503e-11
2025-06-20,17760.8619880126,17760.8619880126,-3.63797880709171e-12
2025-06-21,17239.2519870841,17239.2519870841,0
2025-06-22,43544.1179880247,43544.1179880247,-7.27595761418343e-12
2025-06-23,43968.0006321871,43968.0006321871,-1.45519152283669e-11
2025-06-24,49883.9503610773,49882.976412356,0.973948721395573
2025-06-25,45310.5518921918,45310.5518921918,7.27595761418343e-12
2025-06-26,43891.5258605524,43891.5258605524,-7.27595761418343e-12
2025-06-27,17179.1810712098,17179.1810712098,0
2025-06-28,17170.8305947444,17170.8305947444,0
2025-06-29,44620.7781007833,44620.7781007833,7.27595761418343e-12
2025-06-30,45043.5455772835,45043.5455772835,1.45519152283669e-11
2025-07-01,51567.9011837581,51567.9011837581,2.18278728425503e-11
2025-07-02,47765.0899990267,47765.0899990267,0
2025-07-03,52559.09017213,52559.09017213,-7.27595761418343e-12
2025-07-04,23763.7946875396,23763.7946875396,-3.63797880709171e-12
2025-07-05,24069.3491610902,24069.3491610902,3.63797880709171e-12
2025-07-06,52931.1895130178,52931.1895130178,-7.27595761418343e-12
2025-07-07,47914.3235632827,47914.3235632826,2.91038304567337e-11
2025-07-08,50344.4937558897,50344.4937558897,-2.18278728425503e-11
2025-07-09,48730.7159834633,48730.7159834633,-7.27595761418343e-12
2025-07-10,48447.9916229521,48447.9916229521,1.45519152283669e-11
2025-07-11,23764.5219083374,23764.5219083374,-1.09139364212751e-11
2025-07-12,24099.9572669467,24099.9572669467,-3.63797880709171e-12
2025-07-13,46330.0340833932,46330.0340833932,7.27595761418343e-12
2025-07-14,47497.9774561352,47496.08335959,1.89409654518386
2025-07-15,47775.7819107353,47775.7819107353,2.18278728425503e-11
2025-07-16,47643.5646028355,47643.5646028355,-1.45519152283669e-11
2025-07-17,48391.1390715322,48391.1390715322,0
2025-07-18,23070.8825000748,23070.8825000748,1.09139364212751e-11
2025-07-19,23601.0213104302,23601.0213104302,-7.27595761418343e-12
2025-07-20,47267.9269736647,47267.9269736648,-1.45519152283669e-11
2025-07-21,48752.0959157231,48752.0959157231,0
2025-07-22,48475.200278952,48475.200278952,0
2025-07-23,49107.4252190038,49107.4252190038,-2.18278728425503e-11
2025-07-24,48686.9751354592,48686.9751354593,-2.18278728425503e-11
2025-07-25,22743.9874962482,22743.9874962482,7.27595761418343e-12
2025-07-26,23014.8485421621,23014.8485421621,-7.27595761418343e-12
2025-07-27,48588.1461287354,48588.1461287354,-7.27595761418343e-12
2025-07-28,51246.1004232128,51246.1004232128,1.45519152283669e-11
2025-07-29,49654.5198281906,49654.5198281906,7.27595761418343e-12
2025-07-30,48847.6497787665,48847.6497787665,7.27595761418343e-12
2025-07-31,49385.1690239118,49385.1690239118,1.45519152283669e-11
2025-08-01,22336.9021303944,22336.9021303944,0
2025-08-02,22132.6700076803,22132.6700076803,-3.63797880709171e-12
2025-08-03,42561.6695105995,42560.4745127765,1.19499782305502
2025-08-04,43722.329390361,43722.329390361,7.27595761418343e-12
2025-08-05,43299.3459308108,43299.3459308108,0
2025-08-06,45380.7578777723,45380.7578777723,-2.18278728425503e-11
2025-08-07,42830.4106363433,42830.4106363433,-1.45519152283669e-11
2025-08-08,21820.0954796238,21820.0954796238,-7.27595761418343e-12
2025-08-09,21966.5104797689,21966.5104797689,3.63797880709171e-12
2025-08-10,43574.5098066753,43574.5098066753,0
2025-08-11,43278.3559528104,43278.3559528104,-1.45519152283669e-11
2025-08-12,45320.9736747549,45320.9736747549,7.27595761418343e-12
2025-08-13,43750.9288655013,43750.9288655013,-7.27595761418343e-12
2025-08-14,44335.5907860217,44335.5907860217,-7.27595761418343e-12
2025-08-15,22049.0495651778,22049.0495651778,0
2025-08-16,22115.8091643715,22115.8091643715,1.09139364212751e-11
2025-08-17,42779.439732747,42779.2021004939,0.237632253083575
2025-08-18,43379.3783809691,43377.3661109181,2.01227005103283
2025-08-19,43258.3119050663,43258.3119050663,0
2025-08-20,46755.5948133051,46755.5948133051,-7.27595761418343e-12
2025-08-21,43875.3835111254,43875.3835111254,7.27595761418343e-12
2025-08-22,23046.1015591046,23046.1015591046,-7.27595761418343e-12
2025-08-23,22347.256362291,22347.2563622911,-7.27595761418343e-12
2025-08-24,43620.9976507727,43620.9976507727,1.45519152283669e-11
2025-08-25,47025.6481789115,47025.6481789115,7.27595761418343e-12
2025-08-26,44150.7077328064,44147.968112919,2.73961988740484
2025-08-27,45631.3964563783,45631.3964563783,-7.27595761418343e-12
2025-08-28,46861.8968103603,46861.8968103603,7.27595761418343e-12
2025-08-29,22886.02439057,22886.02439057,-3.63797880709171e-12
2025-08-30,22764.2316751397,22764.2316751397,3.63797880709171e-12
2025-08-31,44826.6073162481,44826.6073162481,0
2025-09-01,35304.6574404581,35304.6574404581,0
2025-09-02,35723.7907535383,35723.7907535383,1.45519152283669e-11
2025-09-03,36947.8799136841,36946.7483642994,1.13154938469233
2025-09-04,36536.6086831018,36535.2769815868,1.33170151506056
2025-09-05,15974.1291004407,15974.1291004407,0
2025-09-06,16082.391393211,16082.391393211,3.63797880709171e-12
2025-09-07,36159.1007165284,36159.1007165284,0
2025-09-08,38943.3572194444,38943.3572194444,-1.45519152283669e-11
2025-09-09,36696.1557660773,36696.1557660773,0
2025-09-10,40009.2280761301,40009.2280761301,7.27595761418343e-12
2025-09-11,36524.6866551067,36524.6866551067,0
2025-09-12,16774.0866739861,16774.0866739861,0
2025-09-13,16746.5482813522,16746.5482813522,-7.27595761418343e-12
2025-09-14,39354.6282928083,39354.6282928083,0
2025-09-15,37490.2634577417,37488.9561475036,1.30731023802218
2025-09-16,39107.1025520402,39107.1025520402,7.27595761418343e-12
2025-09-17,39446.1596381728,39446.1596381728,0
2025-09-18,39191.9046840667,39191.8871851314,0.0174989353108685
2025-09-19,17138.8112782082,17138.8112782082,-3.63797880709171e-12
2025-09-20,17189.7306411791,17189.7306411791,0
2025-09-21,38495.1610779911,38495.1610779911,0
2025-09-22,40040.63375934,40038.7892270812,1.84453225876496
2025-09-23,41363.9233810388,41363.9233810388,-1.45519152283669e-11
2025-09-24,40292.1429801317,40292.1429801317,0
2025-09-25,40124.8128006067,40121.4386105108,3.37419009581208
2025-09-26,16804.9409243161,16804.9409243161,-3.63797880709171e-12
2025-09-27,18195.7544948588,18195.7544948588,0
2025-09-28,41640.5087464438,41640.5087464438,0
2025-09-29,41561.8109439928,41561.8109439928,7.27595761418343e-12
2025-09-30,43476.0821059053,43476.0821059053,1.45519152283669e-11
2025-10-01,34268.05594155,34266.2621523154,1.79378923456534
2025-10-02,34414.9545869617,34414.9545869617,7.27595761418343e-12
2025-10-03,14400.3401115345,14400.3401115345,3.63797880709171e-12
2025-10-04,15247.701421595,15247.701421595,-5.45696821063757e-12
2025-10-05,35778.3313010833,35778.3313010833,7.27595761418343e-12
2025-10-06,37641.6741823767,37641.6741823767,0
2025-10-07,37642.7512196883,37642.7512196883,-7.27595761418343e-12
2025-10-08,36883.08584412,36883.08584412,0
2025-10-09,36959.3305652767,36959.3305652766,2.18278728425503e-11
2025-10-10,15626.7271227243,15626.7271227243,1.81898940354586e-12
2025-10-11,15689.4390303731,15689.4390303731,-1.81898940354586e-12
2025-10-12,38140.32237125,38138.0642411878,2.25813006222597
2025-10-13,37633.592040606,37633.592040606,1.45519152283669e-11
2025-10-14,39885.0209872933,39885.0209872933,7.27595761418343e-12
2025-10-15,40195.4146687625,40195.4146687624,2.18278728425503e-11
2025-10-16,41532.6435876391,41532.6435876391,-1.45519152283669e-11
2025-10-17,15861.3102571786,15861.3102571786,3.63797880709171e-12
2025-10-18,15877.2569811122,15877.2569811122,0
2025-10-19,42059.0043591249,42059.0043591249,-7.27595761418343e-12
2025-10-20,42287.4279772203,42287.4279772203,7.27595761418343e-12
2025-10-21,43217.706567351,43217.7065673511,-7.27595761418343e-12
2025-10-22,43122.8210201409,43122.8210201409,-7.27595761418343e-12
2025-10-23,41713.0756042855,41713.0756042855,1.45519152283669e-11
2025-10-24,16966.480310878,16966.480310878,3.63797880709171e-12
2025-10-25,16582.7703706555,16582.7703706555,3.63797880709171e-12
2025-10-26,42116.7269137243,42116.7269137242,7.27595761418343e-12
2025-10-27,42160.444842533,42160.4448425329,1.45519152283669e-11
2025-10-28,43293.8687877964,43293.8687877964,1.45519152283669e-11
2025-10-29,45594.1974354885,45594.1974354885,7.27595761418343e-12
2025-10-30,42815.1873494344,42815.1873494344,7.27595761418343e-12
2025-10-31,17297.2484585733,17297.2484585733,3.63797880709171e-12
2025-11-01,16939.8697994783,16939.5065699983,0.363229479997244
2025-11-02,45367.646536565,45363.1821249408,4.46441162420524
2025-11-03,45355.1658968731,45355.1658968731,-7.27595761418343e-12
2025-11-04,44643.7479453853,44643.7479453853,3.63797880709171e-11
2025-11-05,45808.3887972719,45808.3887972719,1.45519152283669e-11
2025-11-06,47151.8967537723,47151.8967537723,-7.27595761418343e-12
2025-11-07,17600.172718876,17600.172718876,7.27595761418343e-12
2025-11-08,17209.08320612,17209.08320612,3.63797880709171e-12
2025-11-09,47104.5913504478,47104.5913504478,-7.27595761418343e-12
2025-11-10,48874.66345537,48874.66345537,0
2025-11-11,47327.7970972781,47323.4925144357,4.30458284238557
2025-11-12,47109.2096197324,47109.2096197324,0
2025-11-13,47896.8053169193,47896.8053169193,-1.45519152283669e-11
2025-11-14,17986.4980191,17986.4980191,0
2025-11-15,18023.6974012308,18023.6974012308,0
2025-11-16,49425.1652959818,49425.1652959818,-1.45519152283669e-11
2025-11-17,48188.5350195509,48188.5350195509,7.27595761418343e-12
2025-11-18,49423.3024432062,49423.2842749172,0.0181682889888179
2025-11-19,50065.7114725738,50065.7114725737,2.91038304567337e-11
2025-11-20,49753.6999846883,49749.2194816197,4.48050306858204
2025-11-21,18371.4426879917,18371.4426879917,-3.63797880709171e-12
2025-11-22,18611.4359581272,18611.4359581272,0
2025-11-23,50027.8829025394,50027.8829025394,0
2025-11-24,49191.8658063932,49191.8658063932,0
2025-11-25,50515.1049459249,50515.1049459249,7.27595761418343e-12
2025-11-26,50995.7404084362,50995.7404084362,7.27595761418343e-12
2025-11-27,50556.1296454658,50556.1296454658,0
2025-11-28,18833.2196180446,18833.2196180446,-3.63797880709171e-12
2025-11-29,19882.8351524131,19882.8351524132,-3.63797880709171e-12
2025-11-30,53543.4561203857,53543.4561203857,0
2025-12-01,57973.4924904483,57973.4924904484,-2.91038304567337e-11
2025-12-02,59766.5499734917,59766.5499734917,7.27595761418343e-12
2025-12-03,58236.92058608,58236.92058608,7.27595761418343e-12
2025-12-04,58499.558495652,58499.558495652,-1.45519152283669e-11
2025-12-05,23458.5225023863,23458.5225023863,-7.27595761418343e-12
2025-12-06,24640.7287966033,24640.7287966033,-7.27595761418343e-12
2025-12-07,58909.420391135,58909.420391135,-1.45519152283669e-11
2025-12-08,58957.71134572,58956.5566371098,1.15470861023641
2025-12-09,59081.825449005,59080.5752392685,1.25020973646315
2025-12-10,59160.13256234,59159.78276778,0.349794560024748
2025-12-11,57733.9560767693,57733.9560767692,1.45519152283669e-11
2025-12-12,24630.5626567283,24630.5626567283,3.63797880709171e-12
2025-12-13,24639.4151420178,24639.4151420178,0
2025-12-14,59733.597345305,59733.3021275167,0.295217788327136
2025-12-15,60099.7790962283,60099.7790962283,-1.45519152283669e-11
2025-12-16,60122.100653125,60122.100653125,2.18278728425503e-11
2025-12-17,59118.8196028833,59118.8196028833,1.45519152283669e-11
2025-12-18,59006.8627127317,59006.8627127317,1.45519152283669e-11
2025-12-19,24461.3452787246,24461.3452787246,-7.27595761418343e-12
2025-12-20,24294.219565427,24294.219565427,-7.27595761418343e-12
2025-12-21,59797.992382615,59797.992382615,7.27595761418343e-12
2025-12-22,59871.4163414883,59870.8634413985,0.552900089860486
2025-12-23,58529.68958647,58529.5327938886,0.156792581372429
2025-12-24,59295.7513042717,59295.0658094325,0.685494839177409
2025-12-25,59062.4970059033,59062.4970059033,0
2025-12-26,24377.5030429331,24377.5030429332,-7.27595761418343e-12
2025-12-27,24477.5748254083,24477.5748254083,-3.63797880709171e-12
2025-12-28,58226.2350854822,58226.2350854822,0
2025-12-29,58508.56691863,58508.56691863,1.45519152283669e-11
2025-12-30,57881.894346185,57880.892797638,1.00154854703578
2025-12-31,59646.656436885,59646.656436885,-7.27595761418343e-12
